tileset_id,status,tiles,lower_base_tile_id,lower_description,upper_base_tile_id,upper_description,transition_size,style,created_at
fbaacb43-069f-44ba-bec5-16dfd21a80a1,processing,,,"cold taiga floor with pine needles, frost, and sparse lichen",,frozen grey-brown permafrost with sparse lichen and frost,,,2026-06-05T20:15:21.913176+00:00
ba4ee3b8-2808-4fa6-9cc9-303c61916558,processing,,,"lush tropical forest floor with broad leaves, vines, and rich dark soil",,"cold taiga floor with pine needles, frost, and sparse lichen",,,2026-06-05T20:15:21.464390+00:00
459835a3-d3ab-41f0-a28c-6f192c7a32e7,processing,,,wet brown swamp mud with murky water patches and peat,,"dark forest floor with fallen leaves, moss, and exposed roots",,,2026-06-05T20:15:21.050089+00:00
098e1bbf-28db-4062-8f9a-1a097cf5d9d5,processing,,,"very dark dense forest floor with thick leaf litter, mushrooms, and deep moss",,grey mountain rock with snow patches and exposed stone,,,2026-06-05T20:13:07.241850+00:00
4bc5c9d2-f607-4aac-8f5c-30a453418753,processing,,,dark navy ocean water with deep subtle wave patterns,,"very dark dense forest floor with thick leaf litter, mushrooms, and deep moss",,,2026-06-05T20:11:52.330855+00:00
0f750d1b-f896-436a-bc1d-88685fc460e6,processing,,,rocky hillside with scattered stones and sparse tough grass,,golden sandy beach with fine grain texture,,,2026-06-05T20:11:11.044171+00:00
5fdf5696-27d6-4d7c-b463-74479c67edd4,processing,,,white snow and ice with subtle blue shadows,,arid desert sand with subtle wind ripples,,,2026-06-05T20:00:34.329750+00:00
6a7b2d0b-9a18-411e-9023-d7b2cc67c44b,processing,,,white snow and ice with subtle blue shadows,,arid desert sand with subtle wind ripples,,,2026-06-05T20:00:33.898661+00:00
c3d8d250-4781-4d32-8c22-8fd3a0942c33,processing,,,"very dark dense forest floor with thick leaf litter, mushrooms, and deep moss",,white snow and ice with subtle blue shadows,,,2026-06-05T20:00:33.298841+00:00
1adee2bb-9bba-4873-9bed-01d9e4022ab0,processing,,,"very dark dense forest floor with thick leaf litter, mushrooms, and deep moss",,white snow and ice with subtle blue shadows,,,2026-06-05T20:00:32.831766+00:00
9128f482-e1c0-4e4b-9df7-192a21e3a0d5,processing,,,white snow and ice with subtle blue shadows,,"very dark dense forest floor with thick leaf litter, mushrooms, and deep moss",,,2026-06-05T20:00:32.376683+00:00
4e55ca7a-d9cf-4b51-bc68-bfc74d711e77,processing,,,"very dark dense forest floor with thick leaf litter, mushrooms, and deep moss",,white snow and ice with subtle blue shadows,,,2026-06-05T20:00:31.940119+00:00
0d411c92-a473-4a03-8e05-116ca61b6b43,processing,,,white snow and ice with subtle blue shadows,,"very dark dense forest floor with thick leaf litter, mushrooms, and deep moss",,,2026-06-05T20:00:31.491568+00:00
cf490d9f-d29d-4d44-a125-da54b57d09aa,processing,,,white snow and ice with subtle blue shadows,,"very dark dense forest floor with thick leaf litter, mushrooms, and deep moss",,,2026-06-05T20:00:30.698930+00:00
517a0ea3-3b14-436d-9e72-f49593f37867,processing,,,dark navy ocean water with deep subtle wave patterns,,white snow and ice with subtle blue shadows,,,2026-06-05T20:00:24.831306+00:00
6aa54d5a-85b1-4313-96c4-7c5135c0b8fd,processing,,,dark navy ocean water with deep subtle wave patterns,,white snow and ice with subtle blue shadows,,,2026-06-05T20:00:24.393297+00:00
f2058fd6-9def-42f0-a220-4da7e904bb94,processing,,,white snow and ice with subtle blue shadows,,dark navy ocean water with deep subtle wave patterns,,,2026-06-05T20:00:23.938311+00:00
e0172d5a-265e-4072-8a77-bf033952f429,processing,,,dark navy ocean water with deep subtle wave patterns,,white snow and ice with subtle blue shadows,,,2026-06-05T20:00:23.448695+00:00
a393a510-4720-4fb5-b67d-d79dae32425b,processing,,,white snow and ice with subtle blue shadows,,dark navy ocean water with deep subtle wave patterns,,,2026-06-05T20:00:22.979802+00:00
1333315e-c446-46b7-812c-0cdd647fa4cb,error_423,,,white snow and ice with subtle blue shadows,,dark navy ocean water with deep subtle wave patterns,,,2026-06-05T20:00:22.532211+00:00
0f4cddba-4e16-4a16-916c-a94277fa686a,processing,,,golden sandy beach with fine grain texture,,white snow and ice with subtle blue shadows,,,2026-06-05T20:00:22.070537+00:00
22e61877-d2db-4a1c-b039-27039159b5f5,processing,,,golden sandy beach with fine grain texture,,white snow and ice with subtle blue shadows,,,2026-06-05T20:00:21.630465+00:00
35876ee1-54f5-424d-9e91-2730fe48fcb8,processing,,,white snow and ice with subtle blue shadows,,golden sandy beach with fine grain texture,,,2026-06-05T20:00:21.182574+00:00
243a99af-af2a-4424-ae35-80d187445b6d,processing,,,golden sandy beach with fine grain texture,,white snow and ice with subtle blue shadows,,,2026-06-05T20:00:20.731039+00:00
967a140b-9f38-4ece-9363-6ca5c2b594af,error_423,,,white snow and ice with subtle blue shadows,,golden sandy beach with fine grain texture,,,2026-06-05T20:00:20.251597+00:00
24f524ab-e5e5-474f-a211-0b65d64c44ff,error_423,,,white snow and ice with subtle blue shadows,,golden sandy beach with fine grain texture,,,2026-06-05T20:00:19.820572+00:00
4b0176f4-0fa3-45cb-b188-d57a3265b2e4,error_423,,,lush green grass meadow with individual blades,,"dark forest floor with fallen leaves, moss, and exposed roots",,,2026-06-05T18:55:02.128459+00:00
a6b0bf81-4714-44f0-86dd-eb965f749fc2,error_423,,,lush green grass meadow with individual blades,,"dark forest floor with fallen leaves, moss, and exposed roots",,,2026-06-05T18:52:47.328286+00:00
c14bb150-e560-4700-b00a-cf93780d1741,error_423,,,white snow and ice with subtle blue shadows,,golden sandy beach with fine grain texture,,,2026-06-05T18:42:02.630765+00:00
eea1d5eb-af65-4c97-a8cb-c5a12d6df991,error_423,,,white snow and ice with subtle blue shadows,,deep blue ocean water with gentle wave ripples,,,2026-06-05T15:51:31.781243+00:00
d02669cf-8c46-49f0-bba4-0f052df6d423,error_423,,,white snow and ice with subtle blue shadows,,glowing purple-pink enchanted ground with crystal fragments,,,2026-06-05T15:51:25.369905+00:00
b4e6e44b-b6d1-45ff-ad60-9b8be3e4edc5,error_423,,,white snow and ice with subtle blue shadows,,golden sandy beach with fine grain texture,,,2026-06-05T15:51:24.258408+00:00
bc965cd4-cf8b-4925-8aa8-fb7b5ac7f29e,error_423,,,white snow and ice with subtle blue shadows,,grey mountain rock with snow patches and exposed stone,,,2026-06-05T15:39:08.112273+00:00
08c66c0f-41e0-4ef3-9433-f040fe49f3e6,error_423,,,white snow and ice with subtle blue shadows,,rocky hillside with scattered stones and sparse tough grass,,,2026-06-05T15:39:05.721604+00:00
b3bbaf7a-54c1-4024-a8bf-66b98cd65877,error_423,,,white snow and ice with subtle blue shadows,,calm still blue-green water with subtle reflections,,,2026-06-05T15:31:49.427848+00:00
1becfa0b-3562-4edc-a695-f58af85ba635,error_423,,,white snow and ice with subtle blue shadows,,rocky hillside with scattered stones and sparse tough grass,,,2026-06-05T15:31:46.500524+00:00
9a185986-b346-42e3-a510-d854c50da8bc,error_423,,,white snow and ice with subtle blue shadows,,lush green grass meadow with individual blades,,,2026-06-05T15:31:42.698684+00:00
3abc00f4-250a-4526-89fb-a89742503ba9,error_423,,,white snow and ice with subtle blue shadows,,"dark forest floor with fallen leaves, moss, and exposed roots",,,2026-06-05T15:31:39.457706+00:00
f813b8ac-7c99-4db2-aac4-508081124592,error_423,,,white snow and ice with subtle blue shadows,,arid desert sand with subtle wind ripples,,,2026-06-05T15:31:35.637313+00:00
f487e3d0-422e-4f57-bfaf-7ebb29e9ad81,error_423,,,white snow and ice with subtle blue shadows,,arid desert sand with subtle wind ripples,,,2026-06-05T15:31:33.426086+00:00
ba27b3f6-6bd5-4b0c-bb65-82fb6a874d28,error_423,,,white snow and ice with subtle blue shadows,,"very dark dense forest floor with thick leaf litter, mushrooms, and deep moss",,,2026-06-05T15:31:29.364394+00:00
a87616e2-9771-4a60-9a19-dc025892f15c,error_423,,,white snow and ice with subtle blue shadows,,"very dark dense forest floor with thick leaf litter, mushrooms, and deep moss",,,2026-06-05T15:31:27.356468+00:00
7594d792-a3bd-4bcc-aa11-9e6ed17dfd39,processing,,,white snow and ice with subtle blue shadows,,rocky hillside with scattered stones and sparse tough grass,,,2026-06-05T15:27:25.594805+00:00
3102f8e7-11fd-4795-8072-075b8949c062,processing,,,white snow and ice with subtle blue shadows,,rocky hillside with scattered stones and sparse tough grass,,,2026-06-05T15:27:23.390648+00:00
fdfc998f-64c9-43a5-9af2-a82c4df4f11f,processing,,,white snow and ice with subtle blue shadows,,lush green grass meadow with individual blades,,,2026-06-05T15:27:20.204501+00:00
d8d6d7bb-2fe7-484b-872d-ee2f67d04cf6,error_423,,,white snow and ice with subtle blue shadows,,lush green grass meadow with individual blades,,,2026-06-05T15:27:17.654662+00:00
e23e75f2-a9ae-4eb1-9e6f-3e4d98f64121,processing,,,white snow and ice with subtle blue shadows,,lush green grass meadow with individual blades,,,2026-06-05T15:27:15.814178+00:00
85069449-80b0-4c40-bf20-8cfd1cca6819,error_423,,,white snow and ice with subtle blue shadows,,"dark forest floor with fallen leaves, moss, and exposed roots",,,2026-06-05T15:27:11.967902+00:00
aec3a658-f044-4a78-b435-fa20b74996cc,processing,,,white snow and ice with subtle blue shadows,,"dark forest floor with fallen leaves, moss, and exposed roots",,,2026-06-05T15:27:10.731065+00:00
256ab683-253f-4b83-872d-ffdc3e505386,error_423,,,white snow and ice with subtle blue shadows,,"dark forest floor with fallen leaves, moss, and exposed roots",,,2026-06-05T15:27:07.597034+00:00
256ab683-253f-4b83-872d-ffdc3e505386,error_423,,,white snow and ice with subtle blue shadows,,"dark forest floor with fallen leaves, moss, and exposed roots",,,2026-06-05T15:27:07.597034+00:00
31e739e4-a0b7-4c31-93a5-bd7debec1767,processing,,,white snow and ice with subtle blue shadows,,arid desert sand with subtle wind ripples,,,2026-06-05T15:27:04.029938+00:00
47adba0b-706c-44e3-8d51-bef8f7cf5817,processing,,,white snow and ice with subtle blue shadows,,arid desert sand with subtle wind ripples,,,2026-06-05T15:27:01.547269+00:00
dc619a05-79b4-4553-a63d-077a947ff99a,error_423,,,white snow and ice with subtle blue shadows,,arid desert sand with subtle wind ripples,,,2026-06-05T15:26:58.861632+00:00
f09b9800-5c8e-48c7-97d7-82c240360003,processing,,,white snow and ice with subtle blue shadows,,"very dark dense forest floor with thick leaf litter, mushrooms, and deep moss",,,2026-06-05T15:26:55.914172+00:00
b308c584-992b-4e55-a76c-05d44ab2cf9e,processing,,,white snow and ice with subtle blue shadows,,"very dark dense forest floor with thick leaf litter, mushrooms, and deep moss",,,2026-06-05T15:26:53.005448+00:00
bb7b8dd7-b6d3-4f41-9168-bdc328bc9ab2,processing,,,white snow and ice with subtle blue shadows,,"very dark dense forest floor with thick leaf litter, mushrooms, and deep moss",,,2026-06-05T15:26:50.940241+00:00
7b4b18c6-4072-407f-b373-755082a4f5b2,error_423,,,white snow and ice with subtle blue shadows,,dark navy ocean water with deep subtle wave patterns,,,2026-06-05T15:26:46.482201+00:00
ca951af6-7c26-420a-a591-15eb16e3b009,error_423,,,white snow and ice with subtle blue shadows,,dark navy ocean water with deep subtle wave patterns,,,2026-06-05T15:26:44.103036+00:00
a3cd36fe-dd46-4ad8-bdc9-b2d789eb9c33,error_423,,,white snow and ice with subtle blue shadows,,dark navy ocean water with deep subtle wave patterns,,,2026-06-05T15:26:41.701242+00:00
8fcb92cb-f979-48d6-b955-42a22a4695ec,processing,,,white snow and ice with subtle blue shadows,,golden sandy beach with fine grain texture,,,2026-06-05T15:26:38.510841+00:00
71522226-d8f0-4013-b5cc-2ec9228e7975,error_423,,,white snow and ice with subtle blue shadows,,golden sandy beach with fine grain texture,,,2026-06-05T15:26:36.017525+00:00
26398711-d3fc-45a8-81cc-cb3704920a45,error_423,,,white snow and ice with subtle blue shadows,,golden sandy beach with fine grain texture,,,2026-06-05T15:26:34.031428+00:00
4bae8531-f565-401a-8b96-c46298749a13,error_423,,,"dark fertile forest loam soil, organic earth texture, damp woodland ground",,"rich forest loam soil with subtle clumps and granules, moist earthy surface",,,2026-06-05T15:02:18.105552+00:00
44b9de6f-5ff4-4a00-8a96-5f899d8fd4b2,error_423,,,dark charred volcanic rock with glowing orange lava cracks,,frozen grey-brown permafrost with sparse lichen and frost,,,2026-06-05T03:31:57.966915+00:00
32e48411-4b88-47a3-b792-c2d889d03b42,error_423,,,dark charred volcanic rock with glowing orange lava cracks,,"lush tropical forest floor with broad leaves, vines, and rich dark soil",,,2026-06-05T03:31:54.673609+00:00
d9149b20-f4c6-4125-8e16-247bad4da075,error_423,,,dark charred volcanic rock with glowing orange lava cracks,,"cold taiga floor with pine needles, frost, and sparse lichen",,,2026-06-05T03:31:50.510719+00:00
d4e9708a-d847-4a59-a7cd-2c82ae21e9c9,error_423,,,dark charred volcanic rock with glowing orange lava cracks,,wet brown swamp mud with murky water patches and peat,,,2026-06-05T03:31:46.808973+00:00
b733b385-d4f9-4e61-ad64-375bc58ef1c5,error_423,,,dark charred volcanic rock with glowing orange lava cracks,,short windswept dry brown-green grass with hard packed earth,,,2026-06-05T03:31:43.146579+00:00
2a9f4f44-6e73-4332-a142-22a157969573,error_423,,,dark charred volcanic rock with glowing orange lava cracks,,light turquoise water with visible sandy bottom,,,2026-06-05T03:31:40.043877+00:00
68fbc7a1-c64b-4d0f-829b-4d77f3c0bf31,error_423,,,dark charred volcanic rock with glowing orange lava cracks,,dry golden savanna grass with scattered patches of red earth,,,2026-06-05T03:31:36.236320+00:00
a9251bab-3021-4e85-bc54-a9f9ce7ef222,error_423,,,dark charred volcanic rock with glowing orange lava cracks,,flowing blue water with gentle current lines,,,2026-06-05T03:31:32.446216+00:00
31587e60-ded3-436c-b76d-34bed35acf08,error_423,,,dark charred volcanic rock with glowing orange lava cracks,,deep blue ocean water with gentle wave ripples,,,2026-06-05T03:30:05.349835+00:00
47bc289d-4cc5-4f1c-a808-493d69554a5b,error_423,,,dark charred volcanic rock with glowing orange lava cracks,,glowing purple-pink enchanted ground with crystal fragments,,,2026-06-05T03:30:01.711415+00:00
9e9cd9ae-b697-4f5d-9089-336f8e7933c0,error_423,,,dark charred volcanic rock with glowing orange lava cracks,,grey mountain rock with snow patches and exposed stone,,,2026-06-05T03:29:57.758090+00:00
d78b9d23-5b3a-4180-bc4d-ce0c3f1229c7,error_423,,,dark charred volcanic rock with glowing orange lava cracks,,calm still blue-green water with subtle reflections,,,2026-06-05T03:29:55.160571+00:00
4f5e6abb-c31c-473e-a566-c4adfcb36c33,error_423,,,dark charred volcanic rock with glowing orange lava cracks,,rocky hillside with scattered stones and sparse tough grass,,,2026-06-05T03:29:54.739509+00:00
2f56e723-7e24-4024-96cf-a64fb9b21df4,error_423,,,dark charred volcanic rock with glowing orange lava cracks,,lush green grass meadow with individual blades,,,2026-06-05T03:29:54.176920+00:00
f4296003-ea19-47e1-9b16-b94bbaf843df,error_423,,,dark charred volcanic rock with glowing orange lava cracks,,"dark forest floor with fallen leaves, moss, and exposed roots",,,2026-06-05T03:29:43.726104+00:00
ddd06f34-5441-433f-8c78-1e2901da3fbe,error_423,,,dark charred volcanic rock with glowing orange lava cracks,,arid desert sand with subtle wind ripples,,,2026-06-05T03:28:22.465995+00:00
d3186555-5e42-41e6-b513-9a191fc61cc3,error_423,,,dark charred volcanic rock with glowing orange lava cracks,,"very dark dense forest floor with thick leaf litter, mushrooms, and deep moss",,,2026-06-05T03:28:19.045362+00:00
1924cb4a-3cc9-4bbc-b3bc-16cc334432c7,error_423,,,dark charred volcanic rock with glowing orange lava cracks,,dark navy ocean water with deep subtle wave patterns,,,2026-06-05T03:28:15.202761+00:00
c2a85bbb-fc5d-463d-a428-6a36d1fe09d4,error_423,,,dark charred volcanic rock with glowing orange lava cracks,,golden sandy beach with fine grain texture,,,2026-06-05T03:28:11.819691+00:00
3e967237-f61d-4fc8-b575-5a1bb52e81d1,error_423,,,dark charred volcanic rock with glowing orange lava cracks,,white snow and ice with subtle blue shadows,,,2026-06-05T03:28:07.882715+00:00
3f4e038b-2fb9-4d84-9f76-496e847c9eeb,error_423,,,frozen grey-brown permafrost with sparse lichen and frost,,dark charred volcanic rock with glowing orange lava cracks,,,2026-06-05T03:28:03.512252+00:00
dc57dde2-93e2-49c1-a654-a7d3878cbae3,error_423,,,frozen grey-brown permafrost with sparse lichen and frost,,"lush tropical forest floor with broad leaves, vines, and rich dark soil",,,2026-06-05T03:27:59.524759+00:00
a700ba9d-9096-4a17-a0fc-4cb3663a9f32,error_423,,,frozen grey-brown permafrost with sparse lichen and frost,,"cold taiga floor with pine needles, frost, and sparse lichen",,,2026-06-05T03:27:55.441887+00:00
a2c15074-92ec-4f78-b4f9-84a043ef38b4,error_423,,,frozen grey-brown permafrost with sparse lichen and frost,,wet brown swamp mud with murky water patches and peat,,,2026-06-05T03:27:51.736961+00:00
654324bd-3f8d-4df3-8e63-537284618017,error_423,,,frozen grey-brown permafrost with sparse lichen and frost,,short windswept dry brown-green grass with hard packed earth,,,2026-06-05T03:27:48.206484+00:00
f1c04154-ffaa-4863-9cb9-6665dfe35eb3,error_423,,,frozen grey-brown permafrost with sparse lichen and frost,,light turquoise water with visible sandy bottom,,,2026-06-05T03:27:44.569222+00:00
457e7b11-5bf0-40fb-aba0-e4655ae6acf8,error_423,,,frozen grey-brown permafrost with sparse lichen and frost,,dry golden savanna grass with scattered patches of red earth,,,2026-06-05T03:27:41.132014+00:00
ce9ba178-7c09-4874-93be-e28befd0a8b1,error_423,,,frozen grey-brown permafrost with sparse lichen and frost,,flowing blue water with gentle current lines,,,2026-06-05T03:27:37.395419+00:00
6851a18d-da63-41cb-a883-65e49eba6e9d,error_423,,,frozen grey-brown permafrost with sparse lichen and frost,,deep blue ocean water with gentle wave ripples,,,2026-06-05T03:25:59.510413+00:00
67e7ea2f-3a3f-4bfe-b2af-e42e4ee74d2d,error_423,,,frozen grey-brown permafrost with sparse lichen and frost,,glowing purple-pink enchanted ground with crystal fragments,,,2026-06-05T03:25:56.201531+00:00
7eb712d4-39a1-4dff-9387-062a77da9b92,error_423,,,frozen grey-brown permafrost with sparse lichen and frost,,grey mountain rock with snow patches and exposed stone,,,2026-06-05T03:25:52.462576+00:00
b3840cd2-d38e-4592-a1ac-3e7afce62bad,error_423,,,frozen grey-brown permafrost with sparse lichen and frost,,calm still blue-green water with subtle reflections,,,2026-06-05T03:25:48.280393+00:00
6e00952b-9c05-4068-b284-3772e0a03f71,error_423,,,frozen grey-brown permafrost with sparse lichen and frost,,rocky hillside with scattered stones and sparse tough grass,,,2026-06-05T03:25:44.931909+00:00
cf77310a-5487-482d-9acd-60a8b800d488,error_423,,,frozen grey-brown permafrost with sparse lichen and frost,,lush green grass meadow with individual blades,,,2026-06-05T03:25:41.231687+00:00
f240cf7b-f805-4228-a997-0d6f8cddeb52,error_423,,,frozen grey-brown permafrost with sparse lichen and frost,,"dark forest floor with fallen leaves, moss, and exposed roots",,,2026-06-05T03:25:37.879352+00:00
f3c5cc1c-d425-4254-9e2f-e9d2a46b8ec6,error_423,,,frozen grey-brown permafrost with sparse lichen and frost,,arid desert sand with subtle wind ripples,,,2026-06-05T03:24:24.675068+00:00
f3c5cc1c-d425-4254-9e2f-e9d2a46b8ec6,error_423,,,frozen grey-brown permafrost with sparse lichen and frost,,arid desert sand with subtle wind ripples,,,2026-06-05T03:24:24.675068+00:00
8881c811-691e-4856-8d01-bbb0b94f6941,error_423,,,frozen grey-brown permafrost with sparse lichen and frost,,"very dark dense forest floor with thick leaf litter, mushrooms, and deep moss",,,2026-06-05T03:24:21.487719+00:00
29e354fe-f106-40ce-9e91-f7097a260deb,error_423,,,frozen grey-brown permafrost with sparse lichen and frost,,dark navy ocean water with deep subtle wave patterns,,,2026-06-05T03:24:17.512176+00:00
82965226-cc08-4713-a77e-067a46b9d337,error_423,,,frozen grey-brown permafrost with sparse lichen and frost,,golden sandy beach with fine grain texture,,,2026-06-05T03:24:13.777112+00:00
edf1c29a-8475-4461-aca8-63a5a1299bd3,error_423,,,frozen grey-brown permafrost with sparse lichen and frost,,white snow and ice with subtle blue shadows,,,2026-06-05T03:24:10.053289+00:00
02527fb2-2cea-477e-ac80-8cf94052a380,error_423,,,"lush tropical forest floor with broad leaves, vines, and rich dark soil",,dark charred volcanic rock with glowing orange lava cracks,,,2026-06-05T03:24:05.740223+00:00
96a5f99f-88fb-40ab-9d94-6a766f895249,error_423,,,"lush tropical forest floor with broad leaves, vines, and rich dark soil",,frozen grey-brown permafrost with sparse lichen and frost,,,2026-06-05T03:24:01.999969+00:00
0fb54a89-893b-4960-8f60-26f38fcfe98c,error_423,,,"lush tropical forest floor with broad leaves, vines, and rich dark soil",,"cold taiga floor with pine needles, frost, and sparse lichen",,,2026-06-05T03:23:58.746612+00:00
0ee580ad-3285-4445-b985-229c0dfe5715,error_423,,,"lush tropical forest floor with broad leaves, vines, and rich dark soil",,wet brown swamp mud with murky water patches and peat,,,2026-06-05T03:23:54.501725+00:00
d0f59b1f-e1b7-4f9f-b866-07f53eb73684,error_423,,,"lush tropical forest floor with broad leaves, vines, and rich dark soil",,short windswept dry brown-green grass with hard packed earth,,,2026-06-05T03:23:51.118920+00:00
4ab3b3c5-d6ae-4d3d-8e4f-f55e024f4995,error_423,,,"lush tropical forest floor with broad leaves, vines, and rich dark soil",,light turquoise water with visible sandy bottom,,,2026-06-05T03:23:47.576774+00:00
dc48119d-fa8e-4f25-ae9b-77e02e541aa8,error_423,,,"lush tropical forest floor with broad leaves, vines, and rich dark soil",,dry golden savanna grass with scattered patches of red earth,,,2026-06-05T03:23:43.336433+00:00
6089ea78-d8ed-4ac7-bd33-0b618bb8fac4,error_423,,,"lush tropical forest floor with broad leaves, vines, and rich dark soil",,flowing blue water with gentle current lines,,,2026-06-05T03:23:40.281956+00:00
700e4002-7c9b-4a11-8db0-668f8e1c0398,error_423,,,"lush tropical forest floor with broad leaves, vines, and rich dark soil",,deep blue ocean water with gentle wave ripples,,,2026-06-05T03:21:28.526893+00:00
92805659-0a03-4326-b168-e1b91321f67b,error_423,,,"lush tropical forest floor with broad leaves, vines, and rich dark soil",,glowing purple-pink enchanted ground with crystal fragments,,,2026-06-05T03:21:25.235767+00:00
2723dc5a-3db6-4cd8-a346-64f5e7e95fc6,error_423,,,"lush tropical forest floor with broad leaves, vines, and rich dark soil",,grey mountain rock with snow patches and exposed stone,,,2026-06-05T03:21:21.475333+00:00
2a57e5a0-3c36-475c-9c9d-65fe210a01e1,error_423,,,"lush tropical forest floor with broad leaves, vines, and rich dark soil",,calm still blue-green water with subtle reflections,,,2026-06-05T03:21:17.118323+00:00
c03fd139-065a-4013-a6cd-12be9662aeea,error_423,,,"lush tropical forest floor with broad leaves, vines, and rich dark soil",,rocky hillside with scattered stones and sparse tough grass,,,2026-06-05T03:21:14.468948+00:00
ec9ee194-59fa-4221-9267-6b8d98a7358b,error_423,,,"lush tropical forest floor with broad leaves, vines, and rich dark soil",,lush green grass meadow with individual blades,,,2026-06-05T03:14:47.518594+00:00
2d1b8537-7a51-40e8-90de-3e26d6b36080,error_423,,,"lush tropical forest floor with broad leaves, vines, and rich dark soil",,"dark forest floor with fallen leaves, moss, and exposed roots",,,2026-06-05T03:14:01.178708+00:00
1208123b-1cb5-40e8-88bc-88be3b81f430,error_423,,,"lush tropical forest floor with broad leaves, vines, and rich dark soil",,arid desert sand with subtle wind ripples,,,2026-06-05T03:13:57.944866+00:00
2c2e3ba9-2f25-4776-9278-1e205f47ee52,error_423,,,"lush tropical forest floor with broad leaves, vines, and rich dark soil",,"very dark dense forest floor with thick leaf litter, mushrooms, and deep moss",,,2026-06-05T03:13:54.306437+00:00
6f6bb8ad-c166-424f-8f04-f631a44732d3,error_423,,,"lush tropical forest floor with broad leaves, vines, and rich dark soil",,dark navy ocean water with deep subtle wave patterns,,,2026-06-05T03:13:50.684865+00:00
2b5053e4-8c59-4208-b826-e2c15aa6861a,error_423,,,"lush tropical forest floor with broad leaves, vines, and rich dark soil",,golden sandy beach with fine grain texture,,,2026-06-05T03:13:47.101861+00:00
880cc284-8aa9-4844-b545-725eeecd1f43,error_423,,,"lush tropical forest floor with broad leaves, vines, and rich dark soil",,white snow and ice with subtle blue shadows,,,2026-06-05T03:13:43.547523+00:00
3faf46be-c696-4d70-9561-fda29d0151b2,error_423,,,"cold taiga floor with pine needles, frost, and sparse lichen",,dark charred volcanic rock with glowing orange lava cracks,,,2026-06-05T03:13:37.970658+00:00
bb01517b-4766-4a16-8367-4637de2f2b4f,error_423,,,"cold taiga floor with pine needles, frost, and sparse lichen",,frozen grey-brown permafrost with sparse lichen and frost,,,2026-06-05T03:13:33.995854+00:00
778d62f1-fccf-41ea-ade3-5f42b2801415,error_423,,,"cold taiga floor with pine needles, frost, and sparse lichen",,"lush tropical forest floor with broad leaves, vines, and rich dark soil",,,2026-06-05T03:13:30.710627+00:00
20dfebc0-b6b9-484e-9bd7-b3545a170718,error_423,,,"cold taiga floor with pine needles, frost, and sparse lichen",,wet brown swamp mud with murky water patches and peat,,,2026-06-05T03:13:27.219218+00:00
85597d1d-4b4a-4a16-89c1-c07f3171cc3e,error_423,,,"cold taiga floor with pine needles, frost, and sparse lichen",,short windswept dry brown-green grass with hard packed earth,,,2026-06-05T03:11:58.749231+00:00
42bf25ff-1e51-4d01-8950-b941b788c664,error_423,,,"cold taiga floor with pine needles, frost, and sparse lichen",,light turquoise water with visible sandy bottom,,,2026-06-05T03:11:55.112438+00:00
b43169c3-bbdd-4d5c-89c9-baf3394d81c0,error_423,,,"cold taiga floor with pine needles, frost, and sparse lichen",,dry golden savanna grass with scattered patches of red earth,,,2026-06-05T03:11:51.701942+00:00
41e89d1e-72e1-4add-90df-a933b2b724e9,error_423,,,"cold taiga floor with pine needles, frost, and sparse lichen",,flowing blue water with gentle current lines,,,2026-06-05T03:11:48.419697+00:00
821a82bb-8944-4444-88d5-dd962572e619,error_423,,,"cold taiga floor with pine needles, frost, and sparse lichen",,deep blue ocean water with gentle wave ripples,,,2026-06-05T03:11:44.332969+00:00
b26f5bee-5d35-41f6-9361-9b1ddfaaf631,error_423,,,"cold taiga floor with pine needles, frost, and sparse lichen",,glowing purple-pink enchanted ground with crystal fragments,,,2026-06-05T03:11:40.419418+00:00
51b4db0e-5886-40e1-8ef6-72a2ed4c8c69,error_423,,,"cold taiga floor with pine needles, frost, and sparse lichen",,grey mountain rock with snow patches and exposed stone,,,2026-06-05T03:11:36.694657+00:00
888da92c-d220-4190-898c-06a9097eef2c,error_423,,,"cold taiga floor with pine needles, frost, and sparse lichen",,calm still blue-green water with subtle reflections,,,2026-06-05T03:11:33.114804+00:00
fad309e4-62b6-469f-9f26-fc2b3fb7f15d,error_423,,,"cold taiga floor with pine needles, frost, and sparse lichen",,rocky hillside with scattered stones and sparse tough grass,,,2026-06-05T03:11:29.543916+00:00
146f44d6-cbdb-4e7c-9d83-a067202f666b,error_423,,,"cold taiga floor with pine needles, frost, and sparse lichen",,lush green grass meadow with individual blades,,,2026-06-05T03:10:07.064627+00:00
b0cc419c-645a-4fb9-a6da-9cd4b42f5d39,error_423,,,"cold taiga floor with pine needles, frost, and sparse lichen",,"dark forest floor with fallen leaves, moss, and exposed roots",,,2026-06-05T03:10:04.181230+00:00
d4fae4b6-8b9d-4877-8a61-d7b6e2835429,error_423,,,"cold taiga floor with pine needles, frost, and sparse lichen",,arid desert sand with subtle wind ripples,,,2026-06-05T03:09:59.853154+00:00
1e674588-972c-489a-9ecd-5768f8c596bf,error_423,,,"cold taiga floor with pine needles, frost, and sparse lichen",,"very dark dense forest floor with thick leaf litter, mushrooms, and deep moss",,,2026-06-05T03:09:56.025642+00:00
8404e971-0f2f-4d29-84bd-78d5ecb2feaf,error_423,,,"cold taiga floor with pine needles, frost, and sparse lichen",,dark navy ocean water with deep subtle wave patterns,,,2026-06-05T03:09:51.788958+00:00
693a74b3-2657-48d5-9923-b58cb2df9083,error_423,,,"cold taiga floor with pine needles, frost, and sparse lichen",,golden sandy beach with fine grain texture,,,2026-06-05T03:09:48.407638+00:00
0fcf7df3-97cc-4f52-bf2e-472449c67d32,error_423,,,"cold taiga floor with pine needles, frost, and sparse lichen",,white snow and ice with subtle blue shadows,,,2026-06-05T03:09:45.442012+00:00
6f560aed-04bc-4350-bd09-44f0783d0ebb,error_423,,,wet brown swamp mud with murky water patches and peat,,dark charred volcanic rock with glowing orange lava cracks,,,2026-06-05T03:09:39.850775+00:00
fe30d1d4-c369-496d-a532-8e314f826005,error_423,,,wet brown swamp mud with murky water patches and peat,,frozen grey-brown permafrost with sparse lichen and frost,,,2026-06-05T03:09:36.093197+00:00
1cb4a02b-65c7-40bc-bde4-c626fb4261b3,error_423,,,wet brown swamp mud with murky water patches and peat,,"lush tropical forest floor with broad leaves, vines, and rich dark soil",,,2026-06-05T03:09:32.481224+00:00
50740a77-45bd-4450-8817-26d4595b153c,error_423,,,wet brown swamp mud with murky water patches and peat,,"cold taiga floor with pine needles, frost, and sparse lichen",,,2026-06-05T03:09:29.070537+00:00
1ac21679-9909-4757-ae0e-a1a427876a54,error_423,,,wet brown swamp mud with murky water patches and peat,,short windswept dry brown-green grass with hard packed earth,,,2026-06-05T03:08:03.862709+00:00
6695c2d0-50e5-43cb-9b18-648a95d64a80,error_423,,,wet brown swamp mud with murky water patches and peat,,light turquoise water with visible sandy bottom,,,2026-06-05T03:08:00.080240+00:00
6727851b-0600-4c4b-a9a0-dedefb2641fc,error_423,,,wet brown swamp mud with murky water patches and peat,,dry golden savanna grass with scattered patches of red earth,,,2026-06-05T03:07:57.107334+00:00
69650046-aeb3-4f8e-aace-66c13ca137dd,error_423,,,wet brown swamp mud with murky water patches and peat,,flowing blue water with gentle current lines,,,2026-06-05T03:07:53.164084+00:00
1c5aeec5-cc41-4757-984c-c6d4331d1a5a,error_423,,,wet brown swamp mud with murky water patches and peat,,deep blue ocean water with gentle wave ripples,,,2026-06-05T03:07:49.358780+00:00
91e2f272-68c3-49e0-b5fa-1cd1fcb182ae,error_423,,,wet brown swamp mud with murky water patches and peat,,glowing purple-pink enchanted ground with crystal fragments,,,2026-06-05T03:07:45.862350+00:00
0a97208b-27b0-408b-81a4-0aeb2aa06027,error_423,,,wet brown swamp mud with murky water patches and peat,,grey mountain rock with snow patches and exposed stone,,,2026-06-05T03:07:41.941846+00:00
e664dc7f-fa34-43b7-8ee8-d48be9a8db28,error_423,,,wet brown swamp mud with murky water patches and peat,,calm still blue-green water with subtle reflections,,,2026-06-05T03:07:38.276211+00:00
c8345786-2fc0-4bed-9313-f471253d9b34,error_423,,,wet brown swamp mud with murky water patches and peat,,rocky hillside with scattered stones and sparse tough grass,,,2026-06-05T03:07:34.865475+00:00
d0a0f429-d61c-48cd-944c-463b71950d9b,error_423,,,wet brown swamp mud with murky water patches and peat,,lush green grass meadow with individual blades,,,2026-06-05T03:06:16.163698+00:00
4e7b272f-9637-4521-9d9c-94ddbdff9957,error_423,,,wet brown swamp mud with murky water patches and peat,,"dark forest floor with fallen leaves, moss, and exposed roots",,,2026-06-05T03:06:12.435180+00:00
85070735-3251-4281-b23b-58b0a6f616ed,error_423,,,wet brown swamp mud with murky water patches and peat,,arid desert sand with subtle wind ripples,,,2026-06-05T03:06:09.438133+00:00
e0f60c08-f97f-4489-96fc-86d455fbfe30,error_423,,,wet brown swamp mud with murky water patches and peat,,"very dark dense forest floor with thick leaf litter, mushrooms, and deep moss",,,2026-06-05T03:06:04.872042+00:00
24a5585e-87a2-4987-91e6-702bfd1764d1,error_423,,,wet brown swamp mud with murky water patches and peat,,dark navy ocean water with deep subtle wave patterns,,,2026-06-05T03:06:01.825265+00:00
685b7371-3769-4e8e-89f9-db2c5798638c,error_423,,,wet brown swamp mud with murky water patches and peat,,golden sandy beach with fine grain texture,,,2026-06-05T03:05:58.042324+00:00
b11e0aa4-db79-4941-91f7-0aee3891e823,error_423,,,wet brown swamp mud with murky water patches and peat,,white snow and ice with subtle blue shadows,,,2026-06-05T03:05:54.662536+00:00
58ab8091-d84b-457b-b43e-96f1d16c18a4,error_423,,,short windswept dry brown-green grass with hard packed earth,,dark charred volcanic rock with glowing orange lava cracks,,,2026-06-05T03:05:49.397553+00:00
521385ea-bb66-4412-b7b3-c3d5dc8ca7f9,error_423,,,short windswept dry brown-green grass with hard packed earth,,frozen grey-brown permafrost with sparse lichen and frost,,,2026-06-05T03:05:45.435341+00:00
01fc7f57-afe8-4998-914a-bc83c38c072a,error_423,,,short windswept dry brown-green grass with hard packed earth,,"lush tropical forest floor with broad leaves, vines, and rich dark soil",,,2026-06-05T03:05:41.850481+00:00
5927d980-308a-4cf9-8de0-8b8720c6d2cc,error_423,,,short windswept dry brown-green grass with hard packed earth,,"cold taiga floor with pine needles, frost, and sparse lichen",,,2026-06-05T03:05:37.854252+00:00
781930ae-5aa0-4e6f-bca2-166265bdea46,error_423,,,short windswept dry brown-green grass with hard packed earth,,wet brown swamp mud with murky water patches and peat,,,2026-06-05T03:03:57.614826+00:00
36464a57-fa2e-40bc-93ea-0d924d4f2ef6,error_423,,,short windswept dry brown-green grass with hard packed earth,,light turquoise water with visible sandy bottom,,,2026-06-05T03:03:54.439883+00:00
87876bd0-a428-4e58-9daf-b68c8f05626a,error_423,,,short windswept dry brown-green grass with hard packed earth,,dry golden savanna grass with scattered patches of red earth,,,2026-06-05T03:03:50.646585+00:00
c11e9e51-50b4-4dd9-a941-a524bd494f93,error_423,,,short windswept dry brown-green grass with hard packed earth,,flowing blue water with gentle current lines,,,2026-06-05T03:03:48.121242+00:00
a03292d0-7a7e-4ea1-bdb0-acfe343eef9a,error_423,,,short windswept dry brown-green grass with hard packed earth,,deep blue ocean water with gentle wave ripples,,,2026-06-05T03:03:47.354577+00:00
dba8db63-ad0b-443e-b9e1-5fd80ed38089,error_423,,,short windswept dry brown-green grass with hard packed earth,,glowing purple-pink enchanted ground with crystal fragments,,,2026-06-05T03:03:46.585844+00:00
3e11745e-d54b-4452-a7ea-6f879d0da6b9,error_423,,,short windswept dry brown-green grass with hard packed earth,,grey mountain rock with snow patches and exposed stone,,,2026-06-05T03:03:46.068239+00:00
2c8fc96a-17b5-429d-8bff-5fe85a32519c,error_423,,,short windswept dry brown-green grass with hard packed earth,,calm still blue-green water with subtle reflections,,,2026-06-05T03:01:02.708065+00:00
37ee68d0-63f3-4f37-88b1-b5ddbeb8ab3f,error_423,,,short windswept dry brown-green grass with hard packed earth,,rocky hillside with scattered stones and sparse tough grass,,,2026-06-05T02:58:54.642050+00:00
624c87b9-d7df-44bb-b37e-3cbf833ca170,error_423,,,short windswept dry brown-green grass with hard packed earth,,lush green grass meadow with individual blades,,,2026-06-05T02:57:05.311327+00:00
5ced7e4b-03c2-463d-bb44-b76b77498b7b,error_423,,,short windswept dry brown-green grass with hard packed earth,,"dark forest floor with fallen leaves, moss, and exposed roots",,,2026-06-05T02:57:02.301468+00:00
0b1b8a5a-22ea-4f2e-b205-65a69904ba03,error_423,,,short windswept dry brown-green grass with hard packed earth,,arid desert sand with subtle wind ripples,,,2026-06-05T02:55:56.134723+00:00
b1602fe6-271c-406b-839f-c733f3a19d1f,error_423,,,short windswept dry brown-green grass with hard packed earth,,"very dark dense forest floor with thick leaf litter, mushrooms, and deep moss",,,2026-06-05T02:55:52.645720+00:00
7adabdf5-617a-4fd8-baf7-ae36e23136e3,error_423,,,short windswept dry brown-green grass with hard packed earth,,dark navy ocean water with deep subtle wave patterns,,,2026-06-05T02:55:48.742355+00:00
f74b281c-2061-4d3d-8001-e22573a65c4d,error_423,,,short windswept dry brown-green grass with hard packed earth,,golden sandy beach with fine grain texture,,,2026-06-05T02:55:45.527792+00:00
62be5be0-c56c-4733-9ce0-2eb94a6eb841,error_423,,,short windswept dry brown-green grass with hard packed earth,,white snow and ice with subtle blue shadows,,,2026-06-05T02:55:42.089568+00:00
d9cb9f9d-6d25-47a5-9d7b-139dbb770b17,error_423,,,light turquoise water with visible sandy bottom,,dark charred volcanic rock with glowing orange lava cracks,,,2026-06-05T02:55:36.941663+00:00
c3671641-49c5-4f2f-a42d-4ea3a2afae96,error_423,,,light turquoise water with visible sandy bottom,,frozen grey-brown permafrost with sparse lichen and frost,,,2026-06-05T02:55:32.670758+00:00
26485291-ca9d-42bf-8082-4b27236c408a,error_423,,,light turquoise water with visible sandy bottom,,"lush tropical forest floor with broad leaves, vines, and rich dark soil",,,2026-06-05T02:55:30.481844+00:00
2ef05aca-4a25-4e1f-a08f-e9cc36554de6,error_423,,,light turquoise water with visible sandy bottom,,"cold taiga floor with pine needles, frost, and sparse lichen",,,2026-06-05T02:55:27.009880+00:00
c965dd64-be85-4c48-bc18-57cd931b4883,error_423,,,light turquoise water with visible sandy bottom,,wet brown swamp mud with murky water patches and peat,,,2026-06-05T02:53:19.374777+00:00
30f289ab-efe5-416f-a698-7a79ae1db4d3,error_423,,,light turquoise water with visible sandy bottom,,short windswept dry brown-green grass with hard packed earth,,,2026-06-05T02:53:17.201944+00:00
eaa351e8-8372-4f2b-8682-5ba980f31cf6,error_423,,,light turquoise water with visible sandy bottom,,dry golden savanna grass with scattered patches of red earth,,,2026-06-05T02:50:55.284575+00:00
d0533737-b6f2-40bb-b989-d95916843cbb,error_423,,,light turquoise water with visible sandy bottom,,flowing blue water with gentle current lines,,,2026-06-05T02:47:59.218765+00:00
bc747ce2-30d5-417f-81d0-46a557afd70a,error_423,,,light turquoise water with visible sandy bottom,,deep blue ocean water with gentle wave ripples,,,2026-06-05T02:47:56.063443+00:00
72f3d9f9-3af8-4948-8918-3759a1af3652,error_423,,,light turquoise water with visible sandy bottom,,glowing purple-pink enchanted ground with crystal fragments,,,2026-06-05T02:47:52.544368+00:00
f51d8e10-7c29-4c69-bfa6-46d0d5069f10,error_423,,,light turquoise water with visible sandy bottom,,grey mountain rock with snow patches and exposed stone,,,2026-06-05T02:47:48.370310+00:00
a45e0439-5c96-459a-8f60-cc333580cbc5,error_423,,,light turquoise water with visible sandy bottom,,calm still blue-green water with subtle reflections,,,2026-06-05T02:47:44.908153+00:00
c664b9a2-c4d8-4540-9f92-dcb26a8a4646,error_423,,,light turquoise water with visible sandy bottom,,rocky hillside with scattered stones and sparse tough grass,,,2026-06-05T02:47:41.283145+00:00
82073966-f6d5-44a4-b9fd-b9286264cba4,error_423,,,light turquoise water with visible sandy bottom,,lush green grass meadow with individual blades,,,2026-06-05T02:47:37.558171+00:00
e7f2ff11-094a-4832-88c3-8d11d8ea80ef,error_423,,,light turquoise water with visible sandy bottom,,"dark forest floor with fallen leaves, moss, and exposed roots",,,2026-06-05T02:47:34.320640+00:00
e7f2ff11-094a-4832-88c3-8d11d8ea80ef,error_423,,,light turquoise water with visible sandy bottom,,"dark forest floor with fallen leaves, moss, and exposed roots",,,2026-06-05T02:47:34.320640+00:00
b7aa8549-4b37-489d-be85-02c36a7bdfc6,error_423,,,light turquoise water with visible sandy bottom,,arid desert sand with subtle wind ripples,,,2026-06-05T02:47:30.743954+00:00
50b7696d-b9ce-4da0-8969-9029658dc7f5,error_423,,,light turquoise water with visible sandy bottom,,"very dark dense forest floor with thick leaf litter, mushrooms, and deep moss",,,2026-06-05T02:47:27.770149+00:00
6cd0b78d-af57-4ce1-bcf1-1adf34574dce,error_423,,,light turquoise water with visible sandy bottom,,dark navy ocean water with deep subtle wave patterns,,,2026-06-05T02:46:03.352778+00:00
b93e81a3-7a44-4886-b491-9b27c6f06ef0,error_423,,,light turquoise water with visible sandy bottom,,golden sandy beach with fine grain texture,,,2026-06-05T02:46:00.124793+00:00
73cf19bf-34d3-4efa-a652-0eaf54dbf68c,error_423,,,light turquoise water with visible sandy bottom,,white snow and ice with subtle blue shadows,,,2026-06-05T02:45:57.961042+00:00
8f385e11-6f55-4fe1-a000-cd3da0eeac55,error_423,,,dry golden savanna grass with scattered patches of red earth,,dark charred volcanic rock with glowing orange lava cracks,,,2026-06-05T02:45:52.447798+00:00
93a5a0c5-4997-4e88-93ee-5cfdc0ece697,error_423,,,dry golden savanna grass with scattered patches of red earth,,frozen grey-brown permafrost with sparse lichen and frost,,,2026-06-05T02:45:49.821873+00:00
e62bca3a-7e49-4b99-9651-5b503048d29a,error_423,,,dry golden savanna grass with scattered patches of red earth,,"lush tropical forest floor with broad leaves, vines, and rich dark soil",,,2026-06-05T02:45:44.568137+00:00
a815b528-f0b2-4c12-8e9e-e65b7bfa87fb,error_423,,,dry golden savanna grass with scattered patches of red earth,,"cold taiga floor with pine needles, frost, and sparse lichen",,,2026-06-05T02:45:40.713948+00:00
56664c40-f474-4cba-adaa-a8c25bd91ec8,error_423,,,dry golden savanna grass with scattered patches of red earth,,wet brown swamp mud with murky water patches and peat,,,2026-06-05T02:45:36.723419+00:00
8881bfb8-2ebc-4a50-9267-3a8b79f8fe2a,error_423,,,dry golden savanna grass with scattered patches of red earth,,short windswept dry brown-green grass with hard packed earth,,,2026-06-05T02:45:33.282658+00:00
cb2b50ec-70ab-44b0-b4cb-75213d84dee7,error_423,,,dry golden savanna grass with scattered patches of red earth,,light turquoise water with visible sandy bottom,,,2026-06-05T02:45:29.756457+00:00
09ec8fca-c4ee-4866-ade6-39cd13a6aa34,error_423,,,dry golden savanna grass with scattered patches of red earth,,flowing blue water with gentle current lines,,,2026-06-05T02:44:03.775222+00:00
453fe1d2-f5fd-4af3-8a05-2264a4990965,error_423,,,dry golden savanna grass with scattered patches of red earth,,deep blue ocean water with gentle wave ripples,,,2026-06-05T02:44:00.606954+00:00
2833482d-e120-40aa-962b-0471c1da3dbf,error_423,,,dry golden savanna grass with scattered patches of red earth,,glowing purple-pink enchanted ground with crystal fragments,,,2026-06-05T02:43:57.382786+00:00
034e13e7-acdf-4361-ad0d-3ab07c81c5d5,error_423,,,dry golden savanna grass with scattered patches of red earth,,grey mountain rock with snow patches and exposed stone,,,2026-06-05T02:43:52.485195+00:00
f5aafca9-ed42-44fa-87a6-f3ab560b75a4,error_423,,,dry golden savanna grass with scattered patches of red earth,,calm still blue-green water with subtle reflections,,,2026-06-05T02:43:48.691344+00:00
bbf9472f-4a3b-4f66-85b5-1d8470775729,error_423,,,dry golden savanna grass with scattered patches of red earth,,rocky hillside with scattered stones and sparse tough grass,,,2026-06-05T02:43:45.315241+00:00
6d1ced5e-b968-44d0-8c37-da3f41cff44c,error_423,,,dry golden savanna grass with scattered patches of red earth,,lush green grass meadow with individual blades,,,2026-06-05T02:43:42.198099+00:00
bd8c534c-a4dd-4046-b060-215e65ecb194,error_423,,,dry golden savanna grass with scattered patches of red earth,,"dark forest floor with fallen leaves, moss, and exposed roots",,,2026-06-05T02:43:38.185130+00:00
7338af00-3392-44d0-aba5-c9332940ebbc,error_423,,,dry golden savanna grass with scattered patches of red earth,,arid desert sand with subtle wind ripples,,,2026-06-05T02:43:34.383715+00:00
12f8413d-8d77-4f0b-b696-61c761e887df,error_423,,,dry golden savanna grass with scattered patches of red earth,,"very dark dense forest floor with thick leaf litter, mushrooms, and deep moss",,,2026-06-05T02:43:31.433660+00:00
7851a8df-7eeb-43c2-988f-300dbe26b6d8,error_423,,,dry golden savanna grass with scattered patches of red earth,,dark navy ocean water with deep subtle wave patterns,,,2026-06-05T02:41:48.258643+00:00
279d315c-1418-4327-a9f2-907a230acc4e,error_423,,,dry golden savanna grass with scattered patches of red earth,,golden sandy beach with fine grain texture,,,2026-06-05T02:41:45.154599+00:00
d1c00d31-3162-4cf0-ab76-b58db98e6ac5,error_423,,,dry golden savanna grass with scattered patches of red earth,,white snow and ice with subtle blue shadows,,,2026-06-05T02:41:41.807250+00:00
2adac918-f585-4a07-a566-3fadccefe2e8,error_423,,,flowing blue water with gentle current lines,,dark charred volcanic rock with glowing orange lava cracks,,,2026-06-05T02:41:35.968995+00:00
0ece78da-52c8-434a-b190-354f6cc3e842,error_423,,,flowing blue water with gentle current lines,,frozen grey-brown permafrost with sparse lichen and frost,,,2026-06-05T02:41:32.761009+00:00
16ae8627-6bda-4751-b5c9-bf494bc4db9f,error_423,,,flowing blue water with gentle current lines,,"lush tropical forest floor with broad leaves, vines, and rich dark soil",,,2026-06-05T02:41:28.758382+00:00
fa219780-f16e-42e5-8a14-7b6b4af9b1ad,error_423,,,flowing blue water with gentle current lines,,"cold taiga floor with pine needles, frost, and sparse lichen",,,2026-06-05T02:41:24.689632+00:00
65271f13-04f4-4ae7-9e72-9e2c0ed9309f,error_423,,,flowing blue water with gentle current lines,,wet brown swamp mud with murky water patches and peat,,,2026-06-05T02:41:22.102836+00:00
e09b9e4c-cea8-40d3-86b3-d076abec4f36,error_423,,,flowing blue water with gentle current lines,,short windswept dry brown-green grass with hard packed earth,,,2026-06-05T02:39:22.334559+00:00
a574fe76-3ac7-454c-8b7c-e7f6ffe6d15e,error_423,,,flowing blue water with gentle current lines,,light turquoise water with visible sandy bottom,,,2026-06-05T02:39:18.431607+00:00
23ff5c52-84b0-4fe0-9710-896f39f6ceab,error_423,,,flowing blue water with gentle current lines,,dry golden savanna grass with scattered patches of red earth,,,2026-06-05T02:39:14.727899+00:00
4d7cb6f3-cce5-4e3f-9748-ab22a77cc97f,error_423,,,flowing blue water with gentle current lines,,deep blue ocean water with gentle wave ripples,,,2026-06-05T02:39:12.060280+00:00
9b724ee4-5648-424a-b43f-7d9ac2171aea,error_423,,,flowing blue water with gentle current lines,,glowing purple-pink enchanted ground with crystal fragments,,,2026-06-05T02:36:59.181118+00:00
1df777ed-f126-47d0-9c9f-c6e0da9799a3,error_423,,,flowing blue water with gentle current lines,,grey mountain rock with snow patches and exposed stone,,,2026-06-05T02:34:55.534789+00:00
52c9ee28-e1f4-468f-9479-5dfb9a40da03,error_423,,,flowing blue water with gentle current lines,,calm still blue-green water with subtle reflections,,,2026-06-05T02:34:05.602010+00:00
4e578431-808c-47e3-b9a8-b9ea448ee117,error_423,,,flowing blue water with gentle current lines,,rocky hillside with scattered stones and sparse tough grass,,,2026-06-05T02:34:02.182784+00:00
96ab282a-1e87-4490-b750-c11efc3122d1,error_423,,,flowing blue water with gentle current lines,,lush green grass meadow with individual blades,,,2026-06-05T02:33:59.049751+00:00
575318d4-d40d-4b0a-a491-13ed7bc110a6,error_423,,,flowing blue water with gentle current lines,,"dark forest floor with fallen leaves, moss, and exposed roots",,,2026-06-05T02:33:55.329523+00:00
1320f808-3ba9-4f05-b196-680043dc7add,error_423,,,flowing blue water with gentle current lines,,arid desert sand with subtle wind ripples,,,2026-06-05T02:33:51.696632+00:00
d6a1126c-5f0e-4248-a6c6-f33231499a08,error_423,,,flowing blue water with gentle current lines,,"very dark dense forest floor with thick leaf litter, mushrooms, and deep moss",,,2026-06-05T02:32:46.928065+00:00
d6098555-48af-4cf5-b7d7-379e68bfafc0,error_423,,,flowing blue water with gentle current lines,,dark navy ocean water with deep subtle wave patterns,,,2026-06-05T02:32:43.469213+00:00
63362923-aa80-4fa3-ac3e-33d012e4d433,error_423,,,flowing blue water with gentle current lines,,golden sandy beach with fine grain texture,,,2026-06-05T02:32:40.379090+00:00
0cbacdad-8b7f-4766-8231-25cc9e42e969,error_423,,,flowing blue water with gentle current lines,,white snow and ice with subtle blue shadows,,,2026-06-05T02:32:39.742981+00:00
f405ba32-e7ad-4da1-ba26-ee8887b1dadb,error_423,,,deep blue ocean water with gentle wave ripples,,dark charred volcanic rock with glowing orange lava cracks,,,2026-06-05T02:32:31.568590+00:00
e326e414-50ab-49e6-93fd-cf244b1279bf,error_423,,,deep blue ocean water with gentle wave ripples,,frozen grey-brown permafrost with sparse lichen and frost,,,2026-06-05T02:32:28.085997+00:00
a0cc2438-d0be-4be7-9ae5-30d4a576c959,error_423,,,deep blue ocean water with gentle wave ripples,,"lush tropical forest floor with broad leaves, vines, and rich dark soil",,,2026-06-05T02:32:24.441320+00:00
02c465de-5435-4ffa-99ea-4d47d3cc5611,error_423,,,deep blue ocean water with gentle wave ripples,,"cold taiga floor with pine needles, frost, and sparse lichen",,,2026-06-05T02:32:21.261601+00:00
02c465de-5435-4ffa-99ea-4d47d3cc5611,error_423,,,deep blue ocean water with gentle wave ripples,,"cold taiga floor with pine needles, frost, and sparse lichen",,,2026-06-05T02:32:21.261601+00:00
ab0e891a-5da0-4f50-9cb6-658101a3c072,error_423,,,deep blue ocean water with gentle wave ripples,,wet brown swamp mud with murky water patches and peat,,,2026-06-05T02:31:07.857781+00:00
a6fcb112-d74e-484d-9c54-d92feb69fd3b,error_423,,,deep blue ocean water with gentle wave ripples,,short windswept dry brown-green grass with hard packed earth,,,2026-06-05T02:31:04.608924+00:00
e64e6d5a-298c-4986-b6b0-61852bc4e9d6,error_423,,,deep blue ocean water with gentle wave ripples,,dry golden savanna grass with scattered patches of red earth,,,2026-06-05T02:31:01.234179+00:00
a5d24bf8-4470-46f4-bbc9-aa16ca7ebd43,error_423,,,deep blue ocean water with gentle wave ripples,,flowing blue water with gentle current lines,,,2026-06-05T02:30:57.374377+00:00
8b373b18-4d8c-402b-be7c-3f783853ac7e,error_423,,,deep blue ocean water with gentle wave ripples,,glowing purple-pink enchanted ground with crystal fragments,,,2026-06-05T02:30:53.693760+00:00
b374f145-bddd-4414-a0bd-d892b3e2021f,error_423,,,deep blue ocean water with gentle wave ripples,,grey mountain rock with snow patches and exposed stone,,,2026-06-05T02:30:49.810905+00:00
33061e6d-1a7b-4dde-8180-418f312617d9,error_423,,,deep blue ocean water with gentle wave ripples,,calm still blue-green water with subtle reflections,,,2026-06-05T02:30:46.148807+00:00
73d74837-a3d1-487f-ab09-2edfff62a686,error_423,,,deep blue ocean water with gentle wave ripples,,"dark forest floor with fallen leaves, moss, and exposed roots",,,2026-06-05T02:30:42.260043+00:00
3ce2d358-e3aa-498d-89a0-35d35b4be9d6,error_423,,,deep blue ocean water with gentle wave ripples,,arid desert sand with subtle wind ripples,,,2026-06-05T02:30:39.185583+00:00
2bf92231-7768-4277-8349-8c635b0cd952,error_423,,,deep blue ocean water with gentle wave ripples,,"very dark dense forest floor with thick leaf litter, mushrooms, and deep moss",,,2026-06-05T02:30:34.950648+00:00
05dff64e-6837-44c0-b05c-c0664ac7ef13,error_423,,,deep blue ocean water with gentle wave ripples,,white snow and ice with subtle blue shadows,,,2026-06-05T02:30:31.580097+00:00
1139d304-1efe-4623-bc76-f7be711a1753,error_423,,,deep blue ocean water with gentle wave ripples,,light turquoise water with visible sandy bottom,,,2026-06-05T02:29:04.464742+00:00
b44ae156-1c57-49b0-815a-416ea7ed312f,error_423,,,deep blue ocean water with gentle wave ripples,,rocky hillside with scattered stones and sparse tough grass,,,2026-06-05T02:29:00.346314+00:00
c6428063-bce5-4fe8-bfaa-91a1dfdc025d,error_423,,,deep blue ocean water with gentle wave ripples,,lush green grass meadow with individual blades,,,2026-06-05T02:28:56.949970+00:00
3f755100-3ecf-45a2-9903-a6b5b9874906,error_423,,,deep blue ocean water with gentle wave ripples,,dark navy ocean water with deep subtle wave patterns,,,2026-06-05T02:28:53.411320+00:00
7ba3e7d6-4006-416d-983c-9f24301ff92d,error_423,,,deep blue ocean water with gentle wave ripples,,golden sandy beach with fine grain texture,,,2026-06-05T02:28:50.136072+00:00
ae0faf90-9777-42ba-b27b-805e7ac5c2ee,error_423,,,glowing purple-pink enchanted ground with crystal fragments,,dark charred volcanic rock with glowing orange lava cracks,,,2026-06-05T02:28:44.531201+00:00
f05ca33b-2f7f-4f72-8b7d-0ddb72cad306,error_423,,,glowing purple-pink enchanted ground with crystal fragments,,frozen grey-brown permafrost with sparse lichen and frost,,,2026-06-05T02:28:40.816973+00:00
931ba117-dc7a-4305-aa4e-78d0e29014d0,error_423,,,glowing purple-pink enchanted ground with crystal fragments,,"lush tropical forest floor with broad leaves, vines, and rich dark soil",,,2026-06-05T02:28:37.044420+00:00
893cb55b-1cec-47ff-9566-6ed3e80f4e27,error_423,,,glowing purple-pink enchanted ground with crystal fragments,,"cold taiga floor with pine needles, frost, and sparse lichen",,,2026-06-05T02:28:33.901053+00:00
2fabb690-c807-4f0f-ae1a-d50cce54d5a3,error_423,,,glowing purple-pink enchanted ground with crystal fragments,,wet brown swamp mud with murky water patches and peat,,,2026-06-05T02:26:22.322252+00:00
e18bc1ab-8eb8-4770-8235-710006e4374e,error_423,,,glowing purple-pink enchanted ground with crystal fragments,,short windswept dry brown-green grass with hard packed earth,,,2026-06-05T02:26:17.507278+00:00
85b68842-811a-4f23-bbad-9803ef333153,error_423,,,glowing purple-pink enchanted ground with crystal fragments,,light turquoise water with visible sandy bottom,,,2026-06-05T02:26:14.763237+00:00
492fd9ed-f97f-4af8-b8bb-2afc916b7008,error_423,,,glowing purple-pink enchanted ground with crystal fragments,,dry golden savanna grass with scattered patches of red earth,,,2026-06-05T02:26:10.308222+00:00
cbc422af-4dc9-4f94-9b45-7f01cd4fb274,error_423,,,glowing purple-pink enchanted ground with crystal fragments,,flowing blue water with gentle current lines,,,2026-06-05T02:26:07.102127+00:00
a5013e2f-8dfc-4831-8fbe-2e499980bf3a,error_423,,,glowing purple-pink enchanted ground with crystal fragments,,deep blue ocean water with gentle wave ripples,,,2026-06-05T02:26:03.488706+00:00
b119d16d-3ae9-49fd-be7e-22ce5d9bb976,error_423,,,glowing purple-pink enchanted ground with crystal fragments,,grey mountain rock with snow patches and exposed stone,,,2026-06-05T02:25:59.480334+00:00
08ef2266-8d3f-45fb-902a-e395c1bd642a,error_423,,,glowing purple-pink enchanted ground with crystal fragments,,calm still blue-green water with subtle reflections,,,2026-06-05T02:25:55.789915+00:00
93059101-fe72-4725-8991-02961451e930,error_423,,,glowing purple-pink enchanted ground with crystal fragments,,rocky hillside with scattered stones and sparse tough grass,,,2026-06-05T02:25:52.595753+00:00
4cc6c176-53ce-407e-ae04-c9f12436324b,error_423,,,glowing purple-pink enchanted ground with crystal fragments,,lush green grass meadow with individual blades,,,2026-06-05T02:25:49.128391+00:00
3286c2ab-a63e-428d-946f-accf1f952d6c,error_423,,,glowing purple-pink enchanted ground with crystal fragments,,"dark forest floor with fallen leaves, moss, and exposed roots",,,2026-06-05T02:25:45.944177+00:00
e9bcba36-407e-4d59-96dc-f99756136561,error_423,,,glowing purple-pink enchanted ground with crystal fragments,,arid desert sand with subtle wind ripples,,,2026-06-05T02:23:36.237725+00:00
90f21864-6bde-4fc7-baf8-32f3a6c14729,error_423,,,glowing purple-pink enchanted ground with crystal fragments,,"very dark dense forest floor with thick leaf litter, mushrooms, and deep moss",,,2026-06-05T02:23:31.723895+00:00
92ee98fa-de16-4a14-ad36-e30bc7ecf673,error_423,,,glowing purple-pink enchanted ground with crystal fragments,,dark navy ocean water with deep subtle wave patterns,,,2026-06-05T02:20:57.677407+00:00
a7d697b1-b24a-4080-b34e-581b4186b319,error_423,,,glowing purple-pink enchanted ground with crystal fragments,,golden sandy beach with fine grain texture,,,2026-06-05T02:18:02.393144+00:00
025f589c-ca9d-4693-935e-460829e04916,error_423,,,glowing purple-pink enchanted ground with crystal fragments,,white snow and ice with subtle blue shadows,,,2026-06-05T02:17:58.711481+00:00
59e2277a-f2f7-41d0-8ccb-3d816c8f6254,error_423,,,grey mountain rock with snow patches and exposed stone,,dark charred volcanic rock with glowing orange lava cracks,,,2026-06-05T02:17:53.358261+00:00
7aa55644-c2dc-444b-a5c2-07a8ec943ce5,error_423,,,grey mountain rock with snow patches and exposed stone,,frozen grey-brown permafrost with sparse lichen and frost,,,2026-06-05T02:17:49.116861+00:00
d421719a-a7b4-4957-abb5-226c6c57a3e0,error_423,,,grey mountain rock with snow patches and exposed stone,,"lush tropical forest floor with broad leaves, vines, and rich dark soil",,,2026-06-05T02:17:45.775374+00:00
825a8d21-efde-4c7e-a8c6-12eff122ddba,error_423,,,grey mountain rock with snow patches and exposed stone,,"cold taiga floor with pine needles, frost, and sparse lichen",,,2026-06-05T02:17:41.616226+00:00
37860d81-a2a9-475c-a44b-ff318443e9d5,error_423,,,grey mountain rock with snow patches and exposed stone,,wet brown swamp mud with murky water patches and peat,,,2026-06-05T02:17:39.873350+00:00
e0cb0098-3270-4737-83bc-24bb096d5bff,error_423,,,grey mountain rock with snow patches and exposed stone,,short windswept dry brown-green grass with hard packed earth,,,2026-06-05T02:16:31.817315+00:00
00c9c230-9739-4e06-9468-76e3a64da686,error_423,,,grey mountain rock with snow patches and exposed stone,,light turquoise water with visible sandy bottom,,,2026-06-05T02:16:27.967604+00:00
deed508e-336c-4faa-b300-d50449ac2684,error_423,,,grey mountain rock with snow patches and exposed stone,,dry golden savanna grass with scattered patches of red earth,,,2026-06-05T02:16:24.525827+00:00
d3caa7cf-d8f0-430f-ad94-0d31055e1067,error_423,,,grey mountain rock with snow patches and exposed stone,,flowing blue water with gentle current lines,,,2026-06-05T02:16:21.182736+00:00
fbac11ce-6a78-4da5-9cad-7d8271ff5e94,error_423,,,grey mountain rock with snow patches and exposed stone,,deep blue ocean water with gentle wave ripples,,,2026-06-05T02:16:17.379961+00:00
cff79038-d0ab-4cab-9387-6b8bc1b3ef52,error_423,,,grey mountain rock with snow patches and exposed stone,,glowing purple-pink enchanted ground with crystal fragments,,,2026-06-05T02:16:13.941926+00:00
04e1b966-991c-4303-a2d5-ea3eb76d5306,error_423,,,grey mountain rock with snow patches and exposed stone,,calm still blue-green water with subtle reflections,,,2026-06-05T02:16:10.139254+00:00
5761ed0d-55cc-444b-80ec-2fda43fd6510,error_423,,,grey mountain rock with snow patches and exposed stone,,rocky hillside with scattered stones and sparse tough grass,,,2026-06-05T02:16:05.890200+00:00
04e1b966-991c-4303-a2d5-ea3eb76d5306,error_423,,,grey mountain rock with snow patches and exposed stone,,calm still blue-green water with subtle reflections,,,2026-06-05T02:16:10.139254+00:00
5761ed0d-55cc-444b-80ec-2fda43fd6510,error_423,,,grey mountain rock with snow patches and exposed stone,,rocky hillside with scattered stones and sparse tough grass,,,2026-06-05T02:16:05.890200+00:00
c93463f4-6470-448e-92de-a299ed408a5b,error_423,,,grey mountain rock with snow patches and exposed stone,,lush green grass meadow with individual blades,,,2026-06-05T02:16:02.863230+00:00
6147c3ea-e711-48fd-b608-2e55df8d9c89,error_423,,,grey mountain rock with snow patches and exposed stone,,"dark forest floor with fallen leaves, moss, and exposed roots",,,2026-06-05T02:15:59.123151+00:00
e6b6a202-a769-405e-ad0b-c630e154d19f,error_423,,,grey mountain rock with snow patches and exposed stone,,arid desert sand with subtle wind ripples,,,2026-06-05T02:15:56.097438+00:00
0fdcd788-bf7a-4385-b364-c4e1f3c9eac9,error_423,,,grey mountain rock with snow patches and exposed stone,,"very dark dense forest floor with thick leaf litter, mushrooms, and deep moss",,,2026-06-05T02:15:51.066865+00:00
6495e386-fb26-4b24-9665-48535b84bd92,error_423,,,grey mountain rock with snow patches and exposed stone,,dark navy ocean water with deep subtle wave patterns,,,2026-06-05T02:15:47.874792+00:00
83aadf8e-28b5-4bae-b169-12494b9bca15,error_423,,,grey mountain rock with snow patches and exposed stone,,golden sandy beach with fine grain texture,,,2026-06-05T02:13:41.500279+00:00
8a981c90-aa8e-43cb-907d-47849b5b524c,error_423,,,grey mountain rock with snow patches and exposed stone,,white snow and ice with subtle blue shadows,,,2026-06-05T02:13:38.626799+00:00
c3ba5a09-4865-4480-b251-0a80d8cc9280,error_423,,,calm still blue-green water with subtle reflections,,dark charred volcanic rock with glowing orange lava cracks,,,2026-06-05T02:13:33.639398+00:00
137fdd45-32c4-4b69-89f5-a2e5e489ea47,error_423,,,calm still blue-green water with subtle reflections,,frozen grey-brown permafrost with sparse lichen and frost,,,2026-06-05T02:13:29.582669+00:00
58a879ac-6f6f-4151-b065-b145c7c24b88,error_423,,,calm still blue-green water with subtle reflections,,"lush tropical forest floor with broad leaves, vines, and rich dark soil",,,2026-06-05T02:13:25.721185+00:00
cc492998-5a76-4770-8203-0edd77d03fc3,error_423,,,calm still blue-green water with subtle reflections,,"cold taiga floor with pine needles, frost, and sparse lichen",,,2026-06-05T02:13:21.470501+00:00
577bcb22-589b-4f3f-944e-3eeb08c0d5bf,error_423,,,calm still blue-green water with subtle reflections,,wet brown swamp mud with murky water patches and peat,,,2026-06-05T02:13:18.079324+00:00
e1ec58c1-e500-41a0-80db-9551c4ddc293,error_423,,,calm still blue-green water with subtle reflections,,short windswept dry brown-green grass with hard packed earth,,,2026-06-05T02:12:04.446158+00:00
5f742b48-eba0-4bc4-88c5-a103cb3271a0,error_423,,,calm still blue-green water with subtle reflections,,light turquoise water with visible sandy bottom,,,2026-06-05T02:12:01.069488+00:00
08880cff-4e88-41c7-a0f2-af4710e3a652,error_423,,,calm still blue-green water with subtle reflections,,dry golden savanna grass with scattered patches of red earth,,,2026-06-05T02:11:57.765118+00:00
fa19d14e-aa29-493c-8c21-5989d7fb4197,error_423,,,calm still blue-green water with subtle reflections,,flowing blue water with gentle current lines,,,2026-06-05T02:11:53.718909+00:00
a2ab00ae-4344-480f-9afb-7f47666d9dc8,error_423,,,calm still blue-green water with subtle reflections,,deep blue ocean water with gentle wave ripples,,,2026-06-05T02:11:50.242671+00:00
2fca2ed1-dece-4fea-a1fb-fb47c9338b23,error_423,,,calm still blue-green water with subtle reflections,,glowing purple-pink enchanted ground with crystal fragments,,,2026-06-05T02:11:46.243969+00:00
b902ba9b-45a2-4395-96e6-263fed9038da,error_423,,,calm still blue-green water with subtle reflections,,grey mountain rock with snow patches and exposed stone,,,2026-06-05T02:11:42.750796+00:00
497b8ccf-038f-4618-8fdd-e1f78b3abf17,error_423,,,calm still blue-green water with subtle reflections,,rocky hillside with scattered stones and sparse tough grass,,,2026-06-05T02:10:29.351746+00:00
7df0c57d-8d9d-4ad3-a687-05d24b3d9a6a,error_423,,,calm still blue-green water with subtle reflections,,lush green grass meadow with individual blades,,,2026-06-05T02:10:25.450697+00:00
a9203e4a-b996-4553-a89d-7a38601e3bde,error_423,,,calm still blue-green water with subtle reflections,,"dark forest floor with fallen leaves, moss, and exposed roots",,,2026-06-05T02:10:22.085953+00:00
93d4edc8-8a8e-4ed7-bee1-e6c653fd7fb5,error_423,,,calm still blue-green water with subtle reflections,,arid desert sand with subtle wind ripples,,,2026-06-05T02:10:17.974476+00:00
25410cde-2ec0-462d-a281-2aa25dc2741b,error_423,,,calm still blue-green water with subtle reflections,,"very dark dense forest floor with thick leaf litter, mushrooms, and deep moss",,,2026-06-05T02:10:13.638870+00:00
de2e137a-cd5a-4e00-ae5f-d3be387cfbbd,error_423,,,calm still blue-green water with subtle reflections,,dark navy ocean water with deep subtle wave patterns,,,2026-06-05T02:10:09.849297+00:00
5f296e6f-92be-44a9-8600-99ea8b0a742f,error_423,,,calm still blue-green water with subtle reflections,,golden sandy beach with fine grain texture,,,2026-06-05T02:10:06.207666+00:00
93d64766-f425-4ff6-a1d7-b5dd8f1d3050,error_423,,,calm still blue-green water with subtle reflections,,white snow and ice with subtle blue shadows,,,2026-06-05T02:10:03.263796+00:00
26905999-9fe2-46c4-9dfb-eec968236f51,error_423,,,rocky hillside with scattered stones and sparse tough grass,,dark charred volcanic rock with glowing orange lava cracks,,,2026-06-05T02:10:02.218468+00:00
72bdad8f-9ecc-4bf1-aad3-9b47338b4e41,error_423,,,rocky hillside with scattered stones and sparse tough grass,,frozen grey-brown permafrost with sparse lichen and frost,,,2026-06-05T02:10:01.275560+00:00
c4642930-833f-41ed-be1c-755791d9320c,error_423,,,rocky hillside with scattered stones and sparse tough grass,,"lush tropical forest floor with broad leaves, vines, and rich dark soil",,,2026-06-05T02:09:50.485074+00:00
0cb7990e-27d3-4f07-bb87-f27fcb112606,error_423,,,rocky hillside with scattered stones and sparse tough grass,,"cold taiga floor with pine needles, frost, and sparse lichen",,,2026-06-05T02:09:46.158293+00:00
05d9f8d8-ce48-4e3e-a835-466720e23744,error_423,,,rocky hillside with scattered stones and sparse tough grass,,wet brown swamp mud with murky water patches and peat,,,2026-06-05T02:09:42.668630+00:00
403dd753-96cb-4910-bfb1-9ad5357011f4,error_423,,,rocky hillside with scattered stones and sparse tough grass,,short windswept dry brown-green grass with hard packed earth,,,2026-06-05T02:07:46.103226+00:00
7dfe1174-59e3-4e39-8312-86d3baca0e80,error_423,,,rocky hillside with scattered stones and sparse tough grass,,light turquoise water with visible sandy bottom,,,2026-06-05T02:07:42.157602+00:00
d0501659-7f92-4b6d-9165-142b3400bd5c,error_423,,,rocky hillside with scattered stones and sparse tough grass,,dry golden savanna grass with scattered patches of red earth,,,2026-06-05T02:07:39.252937+00:00
fca32f16-70e8-4283-aac9-d9cac9018146,error_423,,,rocky hillside with scattered stones and sparse tough grass,,flowing blue water with gentle current lines,,,2026-06-05T02:07:34.908555+00:00
942cd167-a3c5-4f35-9e6b-3f50eed6ddbc,error_423,,,rocky hillside with scattered stones and sparse tough grass,,deep blue ocean water with gentle wave ripples,,,2026-06-05T02:07:31.573275+00:00
ad06608f-9a73-4326-8843-b24f77caee62,error_423,,,rocky hillside with scattered stones and sparse tough grass,,glowing purple-pink enchanted ground with crystal fragments,,,2026-06-05T02:07:27.780803+00:00
70724967-ff4a-4302-bc7e-e86787782c32,error_423,,,rocky hillside with scattered stones and sparse tough grass,,grey mountain rock with snow patches and exposed stone,,,2026-06-05T02:07:23.352678+00:00
680e659f-7071-4882-8c5c-1ca1166c8526,error_423,,,rocky hillside with scattered stones and sparse tough grass,,calm still blue-green water with subtle reflections,,,2026-06-05T02:07:20.127175+00:00
3fbc41a5-816b-46e3-b913-fe25af37ee30,error_423,,,rocky hillside with scattered stones and sparse tough grass,,lush green grass meadow with individual blades,,,2026-06-05T02:03:11.948024+00:00
cbe631e9-51f9-4276-bbc2-085404e5d12f,error_423,,,rocky hillside with scattered stones and sparse tough grass,,"dark forest floor with fallen leaves, moss, and exposed roots",,,2026-06-05T02:02:15.715865+00:00
efa5c55d-5348-43cc-8f18-5fe50cf5e9a3,error_423,,,rocky hillside with scattered stones and sparse tough grass,,arid desert sand with subtle wind ripples,,,2026-06-05T02:02:12.146507+00:00
7897549f-8d1a-4ba8-9532-4eee0855b066,error_423,,,rocky hillside with scattered stones and sparse tough grass,,"very dark dense forest floor with thick leaf litter, mushrooms, and deep moss",,,2026-06-05T02:02:08.238674+00:00
55258d33-e995-4db3-ab67-b18555a4f4e8,error_423,,,rocky hillside with scattered stones and sparse tough grass,,dark navy ocean water with deep subtle wave patterns,,,2026-06-05T02:02:04.390309+00:00
a897d58d-467f-4625-961d-9ee691b83a00,error_423,,,rocky hillside with scattered stones and sparse tough grass,,golden sandy beach with fine grain texture,,,2026-06-05T02:02:01.223218+00:00
c05cd8dd-1ab7-4b97-9084-bd04f67d35fe,error_423,,,rocky hillside with scattered stones and sparse tough grass,,white snow and ice with subtle blue shadows,,,2026-06-05T02:01:57.775663+00:00
6d88c79f-cb1e-4d11-8d26-996535a5fcd1,error_423,,,lush green grass meadow with individual blades,,dark charred volcanic rock with glowing orange lava cracks,,,2026-06-05T02:01:54.068435+00:00
988a6856-9a8e-4d16-8faa-89aef921d26c,error_423,,,lush green grass meadow with individual blades,,frozen grey-brown permafrost with sparse lichen and frost,,,2026-06-05T02:00:41.884607+00:00
84325c91-81c4-4087-bc48-a59045a50ed8,error_423,,,lush green grass meadow with individual blades,,"lush tropical forest floor with broad leaves, vines, and rich dark soil",,,2026-06-05T02:00:38.952417+00:00
3d0f7371-e0a9-440f-bb76-53500b685f5e,error_423,,,lush green grass meadow with individual blades,,"cold taiga floor with pine needles, frost, and sparse lichen",,,2026-06-05T02:00:33.318851+00:00
57747eeb-71c0-44a1-b532-220c27c2f9a7,error_423,,,lush green grass meadow with individual blades,,wet brown swamp mud with murky water patches and peat,,,2026-06-05T02:00:31.918797+00:00
6908e1c0-5989-41a0-94b0-87d382c382be,error_423,,,lush green grass meadow with individual blades,,short windswept dry brown-green grass with hard packed earth,,,2026-06-05T02:00:27.100054+00:00
408277a2-bc38-46ca-8499-05e1e87eac22,error_423,,,lush green grass meadow with individual blades,,light turquoise water with visible sandy bottom,,,2026-06-05T02:00:22.099137+00:00
30326ce4-ba87-46c0-a24f-2f68eb1c3dd1,error_423,,,lush green grass meadow with individual blades,,dry golden savanna grass with scattered patches of red earth,,,2026-06-05T02:00:18.354117+00:00
321b6ed2-412c-47d5-be13-84bc6fe38a5c,error_423,,,lush green grass meadow with individual blades,,flowing blue water with gentle current lines,,,2026-06-05T02:00:14.671295+00:00
7f9cbd78-0052-4a84-b2e8-469a2f9f9566,error_423,,,lush green grass meadow with individual blades,,deep blue ocean water with gentle wave ripples,,,2026-06-05T02:00:11.156765+00:00
43ff9fb8-32d5-48c8-adef-7ef59e41329b,error_423,,,lush green grass meadow with individual blades,,glowing purple-pink enchanted ground with crystal fragments,,,2026-06-05T02:00:07.329822+00:00
8387f381-b8c0-4c86-9bec-eba07a1e4def,error_423,,,lush green grass meadow with individual blades,,grey mountain rock with snow patches and exposed stone,,,2026-06-05T02:00:03.963623+00:00
4bd5df19-4207-4237-8a94-9fd44948db64,error_423,,,lush green grass meadow with individual blades,,calm still blue-green water with subtle reflections,,,2026-06-05T01:58:34.837842+00:00
5017caa1-3274-4072-92a4-328586a81c44,error_423,,,lush green grass meadow with individual blades,,rocky hillside with scattered stones and sparse tough grass,,,2026-06-05T01:58:31.617289+00:00
88292a5e-2d8a-4d98-9707-48d5843f7a1a,error_423,,,lush green grass meadow with individual blades,,"dark forest floor with fallen leaves, moss, and exposed roots",,,2026-06-05T01:58:29.912823+00:00
d60daf5f-fc16-4c85-8152-3a1473e8db69,error_423,,,lush green grass meadow with individual blades,,arid desert sand with subtle wind ripples,,,2026-06-05T01:58:23.680957+00:00
35130225-7589-4a81-bdf9-32403ecbc5ae,error_423,,,lush green grass meadow with individual blades,,"very dark dense forest floor with thick leaf litter, mushrooms, and deep moss",,,2026-06-05T01:58:19.906336+00:00
8df5c400-0b13-47dd-95f4-265f9e1ea87a,error_423,,,lush green grass meadow with individual blades,,dark navy ocean water with deep subtle wave patterns,,,2026-06-05T01:58:16.171987+00:00
011e104e-d622-48b8-a39d-eab49eb638da,error_423,,,lush green grass meadow with individual blades,,golden sandy beach with fine grain texture,,,2026-06-05T01:58:12.738324+00:00
1b1994b5-d8ef-4e06-93ff-7ebfd9accd7c,error_423,,,lush green grass meadow with individual blades,,white snow and ice with subtle blue shadows,,,2026-06-05T01:58:09.435861+00:00
b34e8db0-16f8-4f10-89c3-004e04e17cb4,error_423,,,"dark forest floor with fallen leaves, moss, and exposed roots",,dark charred volcanic rock with glowing orange lava cracks,,,2026-06-05T01:58:03.853547+00:00
33b00efe-16eb-4c2e-aaac-9a99f2af16cc,error_423,,,"dark forest floor with fallen leaves, moss, and exposed roots",,frozen grey-brown permafrost with sparse lichen and frost,,,2026-06-05T01:56:48.748554+00:00
3b4b495f-4526-46d2-934c-d9766ddb1bdb,error_423,,,"dark forest floor with fallen leaves, moss, and exposed roots",,"lush tropical forest floor with broad leaves, vines, and rich dark soil",,,2026-06-05T01:56:45.701866+00:00
52e53c2c-a337-4935-8a11-41b7a961a6a3,error_423,,,"dark forest floor with fallen leaves, moss, and exposed roots",,"cold taiga floor with pine needles, frost, and sparse lichen",,,2026-06-05T01:56:41.539807+00:00
17341703-f971-4828-a341-0e55b6c8498a,error_423,,,"dark forest floor with fallen leaves, moss, and exposed roots",,wet brown swamp mud with murky water patches and peat,,,2026-06-05T01:56:38.171886+00:00
a26f7d0f-116c-466c-a357-2fef27f06b35,error_423,,,"dark forest floor with fallen leaves, moss, and exposed roots",,short windswept dry brown-green grass with hard packed earth,,,2026-06-05T01:56:34.743981+00:00
0620fade-7520-4ce1-b9da-59f28cd33b46,error_423,,,"dark forest floor with fallen leaves, moss, and exposed roots",,light turquoise water with visible sandy bottom,,,2026-06-05T01:56:31.184357+00:00
b8f7b8de-09e3-4718-b8f6-915e29ccb331,error_423,,,"dark forest floor with fallen leaves, moss, and exposed roots",,dry golden savanna grass with scattered patches of red earth,,,2026-06-05T01:56:27.898061+00:00
deacbee0-0415-47ea-b51a-4a1da89b892e,error_423,,,"dark forest floor with fallen leaves, moss, and exposed roots",,flowing blue water with gentle current lines,,,2026-06-05T01:56:23.773542+00:00
3e43f6b0-d8d1-486f-9546-f8c635ca3ecc,error_423,,,"dark forest floor with fallen leaves, moss, and exposed roots",,deep blue ocean water with gentle wave ripples,,,2026-06-05T01:56:19.957735+00:00
afaea9b8-d066-463b-9728-537fa18cb722,error_423,,,"dark forest floor with fallen leaves, moss, and exposed roots",,glowing purple-pink enchanted ground with crystal fragments,,,2026-06-05T01:56:16.042471+00:00
48d7c230-bb90-4267-9ad8-34888c319fbc,error_423,,,"dark forest floor with fallen leaves, moss, and exposed roots",,grey mountain rock with snow patches and exposed stone,,,2026-06-05T01:56:12.519143+00:00
533693fc-af20-406e-bbc1-24c0e11b8684,error_423,,,"dark forest floor with fallen leaves, moss, and exposed roots",,calm still blue-green water with subtle reflections,,,2026-06-05T01:54:38.172828+00:00
487e7de4-717d-430e-8361-ae26cc8638ee,error_423,,,"dark forest floor with fallen leaves, moss, and exposed roots",,rocky hillside with scattered stones and sparse tough grass,,,2026-06-05T01:54:34.808940+00:00
67ac39f9-0838-4650-9bd1-24bdfe2a0e60,error_423,,,"dark forest floor with fallen leaves, moss, and exposed roots",,lush green grass meadow with individual blades,,,2026-06-05T01:54:31.080031+00:00
ff1858f5-0b81-4d22-aaf7-a482f745f1ef,error_423,,,"dark forest floor with fallen leaves, moss, and exposed roots",,arid desert sand with subtle wind ripples,,,2026-06-05T01:54:27.954127+00:00
15465472-3ce2-45fe-8a52-ef2e4b089f6c,error_423,,,"dark forest floor with fallen leaves, moss, and exposed roots",,"very dark dense forest floor with thick leaf litter, mushrooms, and deep moss",,,2026-06-05T01:54:24.693101+00:00
34d3e2fa-e0fb-43da-b022-8d17986b530c,error_423,,,"dark forest floor with fallen leaves, moss, and exposed roots",,dark navy ocean water with deep subtle wave patterns,,,2026-06-05T01:54:20.141064+00:00
69c1d888-1158-40f7-b3db-a7c21a1967af,error_423,,,"dark forest floor with fallen leaves, moss, and exposed roots",,golden sandy beach with fine grain texture,,,2026-06-05T01:54:16.641928+00:00
bde2c6d1-f4f0-438d-a735-5531421386c9,error_423,,,"dark forest floor with fallen leaves, moss, and exposed roots",,white snow and ice with subtle blue shadows,,,2026-06-05T01:54:12.823349+00:00
d51adaf9-3167-4f3e-820e-6520ce964f34,error_423,,,arid desert sand with subtle wind ripples,,dark charred volcanic rock with glowing orange lava cracks,,,2026-06-05T01:54:08.411463+00:00
ee9394a3-ca4d-4d5a-b98e-f6a926ae855e,error_423,,,arid desert sand with subtle wind ripples,,frozen grey-brown permafrost with sparse lichen and frost,,,2026-06-05T01:54:03.995751+00:00
67feba1e-0bfa-44f9-879c-7003f100662c,error_423,,,arid desert sand with subtle wind ripples,,"lush tropical forest floor with broad leaves, vines, and rich dark soil",,,2026-06-05T01:52:36.295763+00:00
b03ae46d-97d1-4735-af8d-aadb5f151562,error_423,,,arid desert sand with subtle wind ripples,,"cold taiga floor with pine needles, frost, and sparse lichen",,,2026-06-05T01:52:33.072322+00:00
d2cf97e3-e342-4e2f-bf52-1d18fcdb9625,error_423,,,arid desert sand with subtle wind ripples,,wet brown swamp mud with murky water patches and peat,,,2026-06-05T01:52:28.660101+00:00
3f1116d9-b94e-4351-b1f3-ebabe4526090,error_423,,,arid desert sand with subtle wind ripples,,short windswept dry brown-green grass with hard packed earth,,,2026-06-05T01:52:25.371337+00:00
f6994d17-2d2c-4748-a73a-5efa62027eec,error_423,,,arid desert sand with subtle wind ripples,,light turquoise water with visible sandy bottom,,,2026-06-05T01:52:21.385735+00:00
0c7733b6-6abe-47ee-9fdb-761c87c171fa,error_423,,,arid desert sand with subtle wind ripples,,dry golden savanna grass with scattered patches of red earth,,,2026-06-05T01:52:17.650295+00:00
79d6add4-339b-4118-ad28-b080ee0b2900,error_423,,,arid desert sand with subtle wind ripples,,flowing blue water with gentle current lines,,,2026-06-05T01:52:14.658054+00:00
795abe26-a27e-4015-af14-eba7c01e3a5c,error_423,,,arid desert sand with subtle wind ripples,,deep blue ocean water with gentle wave ripples,,,2026-06-05T01:52:10.300850+00:00
21e22e04-bd02-42b8-8bd2-dde419679bed,error_423,,,arid desert sand with subtle wind ripples,,glowing purple-pink enchanted ground with crystal fragments,,,2026-06-05T01:52:06.913923+00:00
424c0bd3-3ba7-4ae9-b955-a4aaa883c557,error_423,,,arid desert sand with subtle wind ripples,,grey mountain rock with snow patches and exposed stone,,,2026-06-05T01:50:40.258864+00:00
19c8eb7b-323e-4249-935c-b49eaaeaaf78,error_423,,,arid desert sand with subtle wind ripples,,calm still blue-green water with subtle reflections,,,2026-06-05T01:50:36.568360+00:00
ad85fd4b-2c21-4731-9a74-195c3c32627a,error_423,,,arid desert sand with subtle wind ripples,,rocky hillside with scattered stones and sparse tough grass,,,2026-06-05T01:50:33.166975+00:00
945e8d36-3e7f-4b9c-b6a0-0a94db45725b,error_423,,,arid desert sand with subtle wind ripples,,lush green grass meadow with individual blades,,,2026-06-05T01:50:28.887712+00:00
a294a68f-ed30-4561-a4e0-fe0864637329,error_423,,,arid desert sand with subtle wind ripples,,"dark forest floor with fallen leaves, moss, and exposed roots",,,2026-06-05T01:50:25.659463+00:00
3abdd1fb-e9ee-4eb1-b7ed-a7e9fbd2a183,error_423,,,arid desert sand with subtle wind ripples,,"very dark dense forest floor with thick leaf litter, mushrooms, and deep moss",,,2026-06-05T01:50:21.993649+00:00
945128b8-8c6f-41b8-bcc4-03660a1105fa,error_423,,,arid desert sand with subtle wind ripples,,dark navy ocean water with deep subtle wave patterns,,,2026-06-05T01:50:18.106492+00:00
a1eede74-ebf8-47a6-9d53-38058d54ec2a,error_423,,,arid desert sand with subtle wind ripples,,golden sandy beach with fine grain texture,,,2026-06-05T01:50:14.305429+00:00
1a486626-62f1-44b8-8641-a37848202808,error_423,,,arid desert sand with subtle wind ripples,,white snow and ice with subtle blue shadows,,,2026-06-05T01:50:12.831115+00:00
3d96cee5-3c78-47b4-bb23-3db4eb9cd1e5,error_423,,,"very dark dense forest floor with thick leaf litter, mushrooms, and deep moss",,dark charred volcanic rock with glowing orange lava cracks,,,2026-06-05T01:50:06.057648+00:00
fa9ef870-9860-44b0-9026-14bfb61d0f9e,error_423,,,"very dark dense forest floor with thick leaf litter, mushrooms, and deep moss",,frozen grey-brown permafrost with sparse lichen and frost,,,2026-06-05T01:50:02.114012+00:00
9ee81ee6-0105-4a38-a53f-b2adcccf5d24,error_423,,,"very dark dense forest floor with thick leaf litter, mushrooms, and deep moss",,"lush tropical forest floor with broad leaves, vines, and rich dark soil",,,2026-06-05T01:47:25.383034+00:00
8b62b38f-804f-4c29-86bf-2f19999940fe,error_423,,,"very dark dense forest floor with thick leaf litter, mushrooms, and deep moss",,"cold taiga floor with pine needles, frost, and sparse lichen",,,2026-06-05T01:47:21.356557+00:00
109d93d0-3281-4d86-9eaf-e6df6c1df200,error_423,,,"very dark dense forest floor with thick leaf litter, mushrooms, and deep moss",,wet brown swamp mud with murky water patches and peat,,,2026-06-05T01:47:17.506124+00:00
b451cef2-caed-4b7c-88eb-0e210a85150e,error_423,,,"very dark dense forest floor with thick leaf litter, mushrooms, and deep moss",,short windswept dry brown-green grass with hard packed earth,,,2026-06-05T01:47:13.542550+00:00
8f6dbaa3-2721-4bb9-8d23-37febcf9a891,error_423,,,"very dark dense forest floor with thick leaf litter, mushrooms, and deep moss",,light turquoise water with visible sandy bottom,,,2026-06-05T01:47:09.933109+00:00
50558c02-2b6a-4e75-a2fe-2e76d88ebf79,error_423,,,"very dark dense forest floor with thick leaf litter, mushrooms, and deep moss",,dry golden savanna grass with scattered patches of red earth,,,2026-06-05T01:47:07.190130+00:00
6bbd7482-e24c-4007-a5c7-39873bb723c7,error_423,,,"very dark dense forest floor with thick leaf litter, mushrooms, and deep moss",,flowing blue water with gentle current lines,,,2026-06-05T01:47:02.610538+00:00
1c94366a-4896-4445-a247-d6481eb20b1b,error_423,,,"very dark dense forest floor with thick leaf litter, mushrooms, and deep moss",,deep blue ocean water with gentle wave ripples,,,2026-06-05T01:47:00.638080+00:00
1d747024-f005-4c60-bfc9-758e2fab053e,error_423,,,"very dark dense forest floor with thick leaf litter, mushrooms, and deep moss",,glowing purple-pink enchanted ground with crystal fragments,,,2026-06-05T01:46:59.388769+00:00
6f6c95fb-b40f-47fe-8f59-319d8eefca89,error_423,,,"very dark dense forest floor with thick leaf litter, mushrooms, and deep moss",,grey mountain rock with snow patches and exposed stone,,,2026-06-05T01:46:51.247138+00:00
ebe5633e-0834-4bc9-94a4-7ef2fd4c5b23,error_423,,,"very dark dense forest floor with thick leaf litter, mushrooms, and deep moss",,calm still blue-green water with subtle reflections,,,2026-06-05T01:46:47.787456+00:00
ec798475-471b-42c0-9fd5-8f3c0572b35d,error_423,,,"very dark dense forest floor with thick leaf litter, mushrooms, and deep moss",,rocky hillside with scattered stones and sparse tough grass,,,2026-06-05T01:46:44.139193+00:00
186e7ae7-e853-495f-ae8e-37d238c295c1,error_423,,,"very dark dense forest floor with thick leaf litter, mushrooms, and deep moss",,lush green grass meadow with individual blades,,,2026-06-05T01:46:42.550306+00:00
b75ad820-1c07-48d7-a90b-d40e20964de5,error_423,,,"very dark dense forest floor with thick leaf litter, mushrooms, and deep moss",,"dark forest floor with fallen leaves, moss, and exposed roots",,,2026-06-05T01:46:38.012645+00:00
8bfa1766-f4f3-4389-bc52-4f971e10f134,error_423,,,"very dark dense forest floor with thick leaf litter, mushrooms, and deep moss",,arid desert sand with subtle wind ripples,,,2026-06-05T01:46:33.681276+00:00
4d67e519-a45f-4b16-9a7a-6dfead5492fb,error_423,,,"very dark dense forest floor with thick leaf litter, mushrooms, and deep moss",,dark navy ocean water with deep subtle wave patterns,,,2026-06-05T01:46:30.410477+00:00
72476928-0c4f-4f14-84bb-2e45e39ab35a,error_423,,,"very dark dense forest floor with thick leaf litter, mushrooms, and deep moss",,golden sandy beach with fine grain texture,,,2026-06-05T01:46:26.801189+00:00
15d1de46-364f-4635-85ea-1b20f1ac288e,error_423,,,"very dark dense forest floor with thick leaf litter, mushrooms, and deep moss",,white snow and ice with subtle blue shadows,,,2026-06-05T01:46:23.662203+00:00
ffd748b9-5232-431d-9429-46d7331b9b00,error_423,,,dark navy ocean water with deep subtle wave patterns,,dark charred volcanic rock with glowing orange lava cracks,,,2026-06-05T01:46:18.305216+00:00
2a827057-8830-4d05-a590-65072b85531c,error_423,,,dark navy ocean water with deep subtle wave patterns,,rocky hillside with scattered stones and sparse tough grass,,,2026-06-05T01:46:14.298117+00:00
38f8c7ef-fbf6-4809-becc-1fdfd2b5d633,error_423,,,dark navy ocean water with deep subtle wave patterns,,frozen grey-brown permafrost with sparse lichen and frost,,,2026-06-05T01:36:01.543425+00:00
8a76bd11-56ae-4585-b562-3474223b1b9d,error_423,,,dark navy ocean water with deep subtle wave patterns,,"lush tropical forest floor with broad leaves, vines, and rich dark soil",,,2026-06-05T01:35:59.224575+00:00
48155aaf-657f-4929-bc88-6b460f5105b2,error_423,,,dark navy ocean water with deep subtle wave patterns,,"cold taiga floor with pine needles, frost, and sparse lichen",,,2026-06-05T01:35:56.520196+00:00
4f5afe56-fe9b-48bc-a2bb-3b5bc3971935,error_423,,,dark navy ocean water with deep subtle wave patterns,,wet brown swamp mud with murky water patches and peat,,,2026-06-05T01:35:53.596348+00:00
95b79f11-aa68-4f75-b227-ec4bc5fc8b99,error_423,,,dark navy ocean water with deep subtle wave patterns,,short windswept dry brown-green grass with hard packed earth,,,2026-06-05T01:35:51.332480+00:00
f56ad147-2319-46f4-8d7c-79ea0bdaa0d4,error_423,,,dark navy ocean water with deep subtle wave patterns,,light turquoise water with visible sandy bottom,,,2026-06-05T01:35:48.411819+00:00
8245e1ea-982b-4fdc-ae59-19f76d29c9a5,error_423,,,dark navy ocean water with deep subtle wave patterns,,dry golden savanna grass with scattered patches of red earth,,,2026-06-05T01:35:46.073524+00:00
e9cecbec-5dda-4fff-8734-54e656caa26a,error_423,,,dark navy ocean water with deep subtle wave patterns,,flowing blue water with gentle current lines,,,2026-06-05T01:35:43.734008+00:00
01c9e494-d8c0-435b-9d94-70e8436681ff,error_423,,,dark navy ocean water with deep subtle wave patterns,,deep blue ocean water with gentle wave ripples,,,2026-06-05T01:35:40.419288+00:00
99170720-100c-4ad0-9d70-b63a9443154f,error_423,,,dark navy ocean water with deep subtle wave patterns,,glowing purple-pink enchanted ground with crystal fragments,,,2026-06-05T01:35:37.692878+00:00
088b91f1-1ed4-41af-97c4-d68c980211a3,error_423,,,dark navy ocean water with deep subtle wave patterns,,grey mountain rock with snow patches and exposed stone,,,2026-06-05T01:35:35.200867+00:00
754badeb-3d0c-4f8a-8d31-948ab14ffeaf,error_423,,,dark navy ocean water with deep subtle wave patterns,,calm still blue-green water with subtle reflections,,,2026-06-05T01:35:32.555957+00:00
92ca4c3e-92e0-4d01-814d-89ffb93fb0c4,processing,,,dark navy ocean water with deep subtle wave patterns,,rocky hillside with scattered stones and sparse tough grass,,,2026-06-05T01:35:29.964442+00:00
05624d87-c2b4-4dc0-8911-d0d5a544ec9c,error_423,,,dark navy ocean water with deep subtle wave patterns,,lush green grass meadow with individual blades,,,2026-06-05T01:35:27.547721+00:00
80b78cde-b4d4-483a-a60d-4b469768fc95,error_423,,,dark navy ocean water with deep subtle wave patterns,,"dark forest floor with fallen leaves, moss, and exposed roots",,,2026-06-05T01:35:24.833546+00:00
9b91f6a0-9cd2-4c76-a1b0-27be2d098e80,error_423,,,dark navy ocean water with deep subtle wave patterns,,arid desert sand with subtle wind ripples,,,2026-06-05T01:35:22.032065+00:00
42ef5e6f-0d3d-4564-93b1-863f7dd60ff9,error_423,,,dark navy ocean water with deep subtle wave patterns,,"very dark dense forest floor with thick leaf litter, mushrooms, and deep moss",,,2026-06-05T01:35:19.757581+00:00
c41701e8-feb3-457b-9d10-6d41d1badfa1,error_423,,,dark navy ocean water with deep subtle wave patterns,,golden sandy beach with fine grain texture,,,2026-06-05T01:35:17.079965+00:00
c6863359-34a8-47f8-8019-c935f634779f,error_423,,,dark navy ocean water with deep subtle wave patterns,,white snow and ice with subtle blue shadows,,,2026-06-05T01:35:15.627168+00:00
9c98c5d8-6e30-4850-997c-007f5ad433d4,error_423,,,golden sandy beach with fine grain texture,,"cold taiga floor with brown pine needles, frost, and lichen",,,2026-06-05T01:31:31.925066+00:00
0c187af5-4056-404a-beb5-158d6b9a66d6,error_423,,,golden sandy beach with fine grain texture,,wet dark brown swamp mud with murky water patches,,,2026-06-05T01:31:28.350213+00:00
541ddf7f-bb68-4a10-a625-2751ea3c6c06,error_423,,,golden sandy beach with fine grain texture,,short windswept dry brown-green steppe grass,,,2026-06-05T01:31:25.007998+00:00
785ae4b9-bbb6-49a7-be1b-648f7c187ab1,error_423,,,golden sandy beach with fine grain texture,,light turquoise shallow water with visible sandy bottom,,,2026-06-05T01:31:21.052746+00:00
ef0e5824-31d1-48e6-b09a-305aaffac4a9,error_423,,,golden sandy beach with fine grain texture,,dry golden savanna grass with patches of red-brown earth,,,2026-06-05T01:31:17.218065+00:00
9d1a46af-82db-42a7-8bc5-4921f71381a1,error_423,,,golden sandy beach with fine grain texture,,flowing blue river water with gentle current lines,,,2026-06-05T01:31:13.984067+00:00
f6ac11ca-0b2a-4047-ab52-2a591132b950,error_423,,,golden sandy beach with fine grain texture,,deep blue ocean water with gentle rolling wave ripples,,,2026-06-05T01:31:10.228792+00:00
97d6073e-7f48-40ca-b6ab-fffafa88cc15,error_423,,,golden sandy beach with fine grain texture,,glowing purple-pink mystic enchanted ground with crystal fragments,,,2026-06-05T01:31:06.114013+00:00
de99f5e0-40ca-41fb-aa6c-f2f906a963fb,error_423,,,golden sandy beach with fine grain texture,,grey mountain rock with snow patches and exposed stone,,,2026-06-05T01:31:02.252331+00:00
2eaf2ae3-e77a-43d3-80bf-698d5aa9b05f,error_423,,,golden sandy beach with fine grain texture,,calm still blue-green lake water with subtle reflections,,,2026-06-05T01:30:58.150130+00:00
36098aef-0667-41ed-a21e-1f81bb96c8b8,error_423,,,golden sandy beach with fine grain texture,,rocky hillside with scattered grey stones and sparse grass,,,2026-06-05T01:30:54.515441+00:00
ef4314f4-a703-455e-ae7e-b9890d785d4d,error_423,,,golden sandy beach with fine grain texture,,lush green grass meadow with individual blades,,,2026-06-05T01:30:50.390787+00:00
43268fa5-23af-4706-bd93-092d42c41292,error_423,,,golden sandy beach with fine grain texture,,"dark forest floor with fallen brown leaves, moss, and roots",,,2026-06-05T01:30:46.295810+00:00
b974c860-1928-4bd3-9e91-55ffa6f161c3,error_423,,,golden sandy beach with fine grain texture,,arid desert sand with subtle wind ripple patterns,,,2026-06-05T01:30:44.250242+00:00
f7afaee7-de08-4949-8dd5-01bc8fc3fc75,error_423,,,golden sandy beach with fine grain texture,,very dark dense forest floor with thick leaf litter and deep moss,,,2026-06-05T01:29:14.475257+00:00
55be88f2-6f7b-4bd6-b202-1cc4ef790d8c,error_423,,,golden sandy beach with fine grain texture,,dark navy deep ocean water with slow deep wave patterns,,,2026-06-05T01:29:10.687385+00:00
6814d12a-5364-4a46-818a-13783c324dc7,error_423,,,golden sandy beach with fine grain texture,,white snow and ice with subtle blue shadows,,,2026-06-05T01:29:07.252925+00:00
2ef53f61-97a0-4ec1-ac93-52c74c16a307,error_423,,,white snow and ice with subtle blue shadows,,dark charred volcanic rock with glowing orange lava cracks,,,2026-06-05T01:29:03.192985+00:00
166b58bc-fd6a-4c36-b3fc-c60e609290c9,error_423,,,white snow and ice with subtle blue shadows,,frozen grey-brown tundra permafrost with sparse lichen,,,2026-06-05T01:28:58.435329+00:00
813d7e8f-b85c-49af-846d-46a17c2e52fc,error_423,,,white snow and ice with subtle blue shadows,,lush tropical forest floor with broad leaves and dark humid soil,,,2026-06-05T01:28:55.175317+00:00
6c59f730-a626-4683-a88c-689a518a9862,error_423,,,white snow and ice with subtle blue shadows,,"cold taiga floor with brown pine needles, frost, and lichen",,,2026-06-05T01:28:50.883783+00:00
d407b19d-ea80-4577-9c0d-f8d19b85c6b7,error_423,,,white snow and ice with subtle blue shadows,,wet dark brown swamp mud with murky water patches,,,2026-06-05T01:28:47.971929+00:00
0c30cf83-a10f-4be8-8ec7-d5cc1e7742ae,error_423,,,white snow and ice with subtle blue shadows,,short windswept dry brown-green steppe grass,,,2026-06-05T01:27:35.629009+00:00
e789d97d-a06f-40ec-b19f-4aff1bb8d902,error_423,,,white snow and ice with subtle blue shadows,,light turquoise shallow water with visible sandy bottom,,,2026-06-05T01:27:32.745768+00:00
19e5c867-62c5-4dfc-9098-f9614640f5ba,error_423,,,white snow and ice with subtle blue shadows,,dry golden savanna grass with patches of red-brown earth,,,2026-06-05T01:27:28.894996+00:00
49c9d3c2-3f2b-402d-8caf-d90c2615b9d0,error_423,,,white snow and ice with subtle blue shadows,,flowing blue river water with gentle current lines,,,2026-06-05T01:27:25.682345+00:00
47f17501-77dc-4f18-b59d-6dd2f4c29d91,error_423,,,white snow and ice with subtle blue shadows,,deep blue ocean water with gentle rolling wave ripples,,,2026-06-05T01:27:21.556563+00:00
0398fa63-c483-4e3a-8588-176906777d59,error_423,,,white snow and ice with subtle blue shadows,,glowing purple-pink mystic enchanted ground with crystal fragments,,,2026-06-05T01:27:18.574387+00:00
32a7d808-39bc-4b25-abb1-63ed8e8ae571,error_423,,,white snow and ice with subtle blue shadows,,grey mountain rock with snow patches and exposed stone,,,2026-06-05T01:27:13.771469+00:00
0caadc0d-154d-46cc-9aaa-ef2e6efaa149,error_423,,,white snow and ice with subtle blue shadows,,calm still blue-green lake water with subtle reflections,,,2026-06-05T01:27:10.079236+00:00
9b5b2d11-2c76-46cf-9a44-8fd645c73ba4,error_423,,,white snow and ice with subtle blue shadows,,rocky hillside with scattered grey stones and sparse grass,,,2026-06-05T01:27:06.318822+00:00
3b41628b-f6f1-4637-8153-0587c9e51f5b,error_423,,,white snow and ice with subtle blue shadows,,lush green grass meadow with individual blades,,,2026-06-05T01:27:02.827454+00:00
0ab48f6d-0d3d-4743-93fa-c8363676a4a3,error_423,,,white snow and ice with subtle blue shadows,,"dark forest floor with fallen brown leaves, moss, and roots",,,2026-06-05T01:26:58.915090+00:00
8373c38b-ce85-4257-b196-db11ad080673,error_423,,,white snow and ice with subtle blue shadows,,arid desert sand with subtle wind ripple patterns,,,2026-06-05T01:26:56.053384+00:00
a2f75f3e-da49-4a9b-9361-2b684fb7cd34,error_423,,,white snow and ice with subtle blue shadows,,very dark dense forest floor with thick leaf litter and deep moss,,,2026-06-05T01:26:52.109232+00:00
2dfd739c-3f47-4219-b735-0c6fb8251bc0,error_423,,,white snow and ice with subtle blue shadows,,dark navy deep ocean water with slow deep wave patterns,,,2026-06-05T01:26:47.012578+00:00
c6bf6f4b-f3fe-41ca-b9ef-57250c4b7474,error_423,,,white snow and ice with subtle blue shadows,,golden sandy beach with fine grain texture,,,2026-06-05T01:26:43.769664+00:00
287e9475-1c7d-4874-a548-3537fefc59d6,error_423,,,frozen grey-brown tundra permafrost with sparse lichen,,dark charred volcanic rock with glowing orange lava cracks,,,2026-06-05T01:25:16.357113+00:00
07d5385e-2774-4ac8-8cd0-6856af5ac4ea,error_423,,,lush tropical forest floor with broad leaves and dark humid soil,,dark charred volcanic rock with glowing orange lava cracks,,,2026-06-05T01:25:12.641621+00:00
e181683b-2a25-43af-be09-8b610995393a,error_423,,,lush tropical forest floor with broad leaves and dark humid soil,,frozen grey-brown tundra permafrost with sparse lichen,,,2026-06-05T01:25:10.368994+00:00
9efd7484-4ee9-4528-a2f6-2941211a6b64,error_423,,,"cold taiga floor with brown pine needles, frost, and lichen",,dark charred volcanic rock with glowing orange lava cracks,,,2026-06-05T01:25:06.392021+00:00
ce00a41d-198e-4d36-b714-9af2eb9b8f23,error_423,,,"cold taiga floor with brown pine needles, frost, and lichen",,frozen grey-brown tundra permafrost with sparse lichen,,,2026-06-05T01:25:03.727263+00:00
7c1e933a-4e63-49c4-9b9a-b2c57f5a162d,error_423,,,"cold taiga floor with brown pine needles, frost, and lichen",,lush tropical forest floor with broad leaves and dark humid soil,,,2026-06-05T01:25:00.783503+00:00
baf57288-ca47-4f3c-8e68-c0cde2f6556e,error_423,,,wet dark brown swamp mud with murky water patches,,dark charred volcanic rock with glowing orange lava cracks,,,2026-06-05T01:24:56.904750+00:00
39318bba-f2d4-42c4-ab14-c5f1f737568e,error_423,,,wet dark brown swamp mud with murky water patches,,frozen grey-brown tundra permafrost with sparse lichen,,,2026-06-05T01:24:54.412081+00:00
24663a71-aefe-413a-b4eb-9ee3d9f41b66,error_423,,,wet dark brown swamp mud with murky water patches,,lush tropical forest floor with broad leaves and dark humid soil,,,2026-06-05T01:24:50.353459+00:00
9b5fea1f-fba4-465f-aa07-1bba3a8132be,error_423,,,wet dark brown swamp mud with murky water patches,,"cold taiga floor with brown pine needles, frost, and lichen",,,2026-06-05T01:24:47.722421+00:00
bd21a530-b7e1-4432-b128-0c2ff1517fb8,error_423,,,short windswept dry brown-green steppe grass,,dark charred volcanic rock with glowing orange lava cracks,,,2026-06-05T01:24:43.746071+00:00
45c9c839-d266-4f56-881c-1f7c20ee7287,error_423,,,short windswept dry brown-green steppe grass,,lush tropical forest floor with broad leaves and dark humid soil,,,2026-06-05T01:24:39.545192+00:00
84cb8960-2815-4d7a-8107-e69871e0f992,error_423,,,short windswept dry brown-green steppe grass,,"cold taiga floor with brown pine needles, frost, and lichen",,,2026-06-05T01:24:36.100521+00:00
1bc79918-1acb-47d7-8479-dd042d9075b6,error_423,,,short windswept dry brown-green steppe grass,,wet dark brown swamp mud with murky water patches,,,2026-06-05T01:23:01.004864+00:00
d0e7b606-f322-4568-b611-fa6a40603c12,error_423,,,light turquoise shallow water with visible sandy bottom,,dark charred volcanic rock with glowing orange lava cracks,,,2026-06-05T01:22:57.381602+00:00
97afd8bd-7be2-4306-911c-c07444529bdb,error_423,,,light turquoise shallow water with visible sandy bottom,,frozen grey-brown tundra permafrost with sparse lichen,,,2026-06-05T01:22:53.382859+00:00
ba5baaf2-8824-4ee2-ae48-2f2a7619f3cd,error_423,,,light turquoise shallow water with visible sandy bottom,,lush tropical forest floor with broad leaves and dark humid soil,,,2026-06-05T01:22:49.196016+00:00
c85cca1a-31be-4061-ace9-b544d0638b68,error_423,,,light turquoise shallow water with visible sandy bottom,,"cold taiga floor with brown pine needles, frost, and lichen",,,2026-06-05T01:22:45.108902+00:00
92297ced-2ad2-4d7a-b372-46ad61067f01,error_423,,,light turquoise shallow water with visible sandy bottom,,wet dark brown swamp mud with murky water patches,,,2026-06-05T01:22:41.252911+00:00
8dfcda01-bf35-467e-aa22-a07aa931aa2b,error_423,,,light turquoise shallow water with visible sandy bottom,,short windswept dry brown-green steppe grass,,,2026-06-05T01:21:31.970227+00:00
994f1f77-c781-4bf2-b793-e2650ff072fb,error_423,,,dry golden savanna grass with patches of red-brown earth,,dark charred volcanic rock with glowing orange lava cracks,,,2026-06-05T01:21:27.725060+00:00
7dfd64fd-e0dd-400d-9752-0976ea1c5a93,error_423,,,dry golden savanna grass with patches of red-brown earth,,frozen grey-brown tundra permafrost with sparse lichen,,,2026-06-05T01:21:25.759167+00:00
d2bc99af-5838-419b-b3db-730e0b601b9f,error_423,,,dry golden savanna grass with patches of red-brown earth,,lush tropical forest floor with broad leaves and dark humid soil,,,2026-06-05T01:21:22.570465+00:00
6ba3690e-1790-4806-b513-b3c26964ee46,error_423,,,dry golden savanna grass with patches of red-brown earth,,"cold taiga floor with brown pine needles, frost, and lichen",,,2026-06-05T01:21:19.730631+00:00
d9273d20-1482-496a-8bfa-e26d729b5925,error_423,,,dry golden savanna grass with patches of red-brown earth,,wet dark brown swamp mud with murky water patches,,,2026-06-05T01:21:16.941833+00:00
cbabde19-cba1-4d4e-860a-1d20de4568b3,error_423,,,dry golden savanna grass with patches of red-brown earth,,light turquoise shallow water with visible sandy bottom,,,2026-06-05T01:21:13.661264+00:00
c1cb3abf-43fe-49fb-945e-139615f5841c,error_423,,,flowing blue river water with gentle current lines,,dark charred volcanic rock with glowing orange lava cracks,,,2026-06-05T01:21:09.317374+00:00
2334ad23-4bb4-4415-ae65-98038e072cfe,error_423,,,flowing blue river water with gentle current lines,,frozen grey-brown tundra permafrost with sparse lichen,,,2026-06-05T01:21:07.048354+00:00
620638a9-1adc-4a9d-b1a4-4d02173c3317,error_423,,,flowing blue river water with gentle current lines,,lush tropical forest floor with broad leaves and dark humid soil,,,2026-06-05T01:21:04.215070+00:00
cf85901a-9209-49bc-ae27-73a52d034202,error_423,,,flowing blue river water with gentle current lines,,"cold taiga floor with brown pine needles, frost, and lichen",,,2026-06-05T01:21:00.003526+00:00
2f13778b-3eb4-4623-af58-998e960d8494,error_423,,,flowing blue river water with gentle current lines,,short windswept dry brown-green steppe grass,,,2026-06-05T01:20:57.339293+00:00
d1ee9021-a22d-4184-8234-a67424bd9dd7,error_423,,,flowing blue river water with gentle current lines,,light turquoise shallow water with visible sandy bottom,,,2026-06-05T01:20:53.517114+00:00
2489a9bf-e246-45d4-af5c-90375ce09301,error_423,,,flowing blue river water with gentle current lines,,dry golden savanna grass with patches of red-brown earth,,,2026-06-05T01:20:50.534878+00:00
e7fd02b3-5a4d-4aae-a042-5296e8146336,error_423,,,deep blue ocean water with gentle rolling wave ripples,,dark charred volcanic rock with glowing orange lava cracks,,,2026-06-05T01:20:45.634122+00:00
e4bba4f8-0f92-43f7-ab9e-02be3b9d6c0e,error_423,,,deep blue ocean water with gentle rolling wave ripples,,frozen grey-brown tundra permafrost with sparse lichen,,,2026-06-05T01:20:40.718530+00:00
d00b3b59-aef3-4883-af21-516d9521e738,error_423,,,deep blue ocean water with gentle rolling wave ripples,,"cold taiga floor with brown pine needles, frost, and lichen",,,2026-06-05T01:20:38.408448+00:00
f56db8a9-e67b-41b3-87c0-63f01f365761,error_423,,,deep blue ocean water with gentle rolling wave ripples,,wet dark brown swamp mud with murky water patches,,,2026-06-05T01:19:20.205673+00:00
3662c5f7-3ef7-4a65-8b2c-c20ee94df345,error_423,,,deep blue ocean water with gentle rolling wave ripples,,short windswept dry brown-green steppe grass,,,2026-06-05T01:19:17.507834+00:00
03c212d9-6047-4cff-97b9-01739d38af66,error_423,,,deep blue ocean water with gentle rolling wave ripples,,light turquoise shallow water with visible sandy bottom,,,2026-06-05T01:19:14.790911+00:00
377bed48-3371-4a70-9f43-c9cc8394c2eb,error_423,,,deep blue ocean water with gentle rolling wave ripples,,dry golden savanna grass with patches of red-brown earth,,,2026-06-05T01:19:12.659153+00:00
b016f3dd-de12-4f9a-9378-df9e60141b46,error_423,,,deep blue ocean water with gentle rolling wave ripples,,flowing blue river water with gentle current lines,,,2026-06-05T01:19:09.656362+00:00
fa8bca90-200f-4a74-873e-c1c6c7e50de0,error_423,,,glowing purple-pink mystic enchanted ground with crystal fragments,,dark charred volcanic rock with glowing orange lava cracks,,,2026-06-05T01:19:03.859629+00:00
76ffa8dd-faac-4a5a-a1d5-6ed160b806f4,error_423,,,glowing purple-pink mystic enchanted ground with crystal fragments,,frozen grey-brown tundra permafrost with sparse lichen,,,2026-06-05T01:18:59.139164+00:00
d6829a7e-39cd-44bb-9ae1-8f0a75d5dc8c,error_423,,,glowing purple-pink mystic enchanted ground with crystal fragments,,"cold taiga floor with brown pine needles, frost, and lichen",,,2026-06-05T01:18:55.594137+00:00
421b0aab-a891-4fcd-a602-a394f869b1fb,error_423,,,glowing purple-pink mystic enchanted ground with crystal fragments,,wet dark brown swamp mud with murky water patches,,,2026-06-05T01:18:51.636691+00:00
431e935e-ba73-4c2c-b324-3a02fc143d1f,error_423,,,glowing purple-pink mystic enchanted ground with crystal fragments,,short windswept dry brown-green steppe grass,,,2026-06-05T01:18:47.760373+00:00
7aeea5c7-6b8c-4f5a-824c-fa263dc1deb3,error_423,,,glowing purple-pink mystic enchanted ground with crystal fragments,,light turquoise shallow water with visible sandy bottom,,,2026-06-05T01:18:43.897977+00:00
b7e19d5c-c160-40a2-8362-b15a324d3084,error_423,,,glowing purple-pink mystic enchanted ground with crystal fragments,,dry golden savanna grass with patches of red-brown earth,,,2026-06-05T01:17:31.916615+00:00
a78fdd09-27e5-487e-b301-7e2e76cb6746,error_423,,,glowing purple-pink mystic enchanted ground with crystal fragments,,flowing blue river water with gentle current lines,,,2026-06-05T01:17:29.985934+00:00
4c113da9-f412-45e3-a444-e9ef6da11882,error_423,,,glowing purple-pink mystic enchanted ground with crystal fragments,,deep blue ocean water with gentle rolling wave ripples,,,2026-06-05T01:17:26.832697+00:00
90b257dd-172a-45ee-9e8f-581c0ba7c547,error_423,,,grey mountain rock with snow patches and exposed stone,,dark charred volcanic rock with glowing orange lava cracks,,,2026-06-05T01:17:22.925749+00:00
1abea70a-dec8-44f9-8985-3ff9eefc45d9,error_423,,,grey mountain rock with snow patches and exposed stone,,frozen grey-brown tundra permafrost with sparse lichen,,,2026-06-05T01:17:19.133472+00:00
6c1257f7-066f-4b9c-ab52-662ba3507f43,error_423,,,grey mountain rock with snow patches and exposed stone,,lush tropical forest floor with broad leaves and dark humid soil,,,2026-06-05T01:17:15.978470+00:00
635afccb-7572-4913-b410-1479a3526341,error_423,,,grey mountain rock with snow patches and exposed stone,,"cold taiga floor with brown pine needles, frost, and lichen",,,2026-06-05T01:17:11.667464+00:00
d4a08a8c-cd33-490b-8745-46452ed2a5d3,error_423,,,grey mountain rock with snow patches and exposed stone,,wet dark brown swamp mud with murky water patches,,,2026-06-05T01:17:07.654283+00:00
f76cea23-2ac4-47d8-96c2-4356e24e74b0,error_423,,,grey mountain rock with snow patches and exposed stone,,short windswept dry brown-green steppe grass,,,2026-06-05T01:17:04.351292+00:00
7b6e0d27-a7d3-4875-951f-97397b4870a1,error_423,,,grey mountain rock with snow patches and exposed stone,,light turquoise shallow water with visible sandy bottom,,,2026-06-05T01:16:59.971673+00:00
8b15a17f-5ec9-4ba7-9a47-19e9d984e420,error_423,,,grey mountain rock with snow patches and exposed stone,,dry golden savanna grass with patches of red-brown earth,,,2026-06-05T01:16:56.715389+00:00
99f7c9da-6ee1-494e-aacb-2787cae94408,error_423,,,grey mountain rock with snow patches and exposed stone,,flowing blue river water with gentle current lines,,,2026-06-05T01:16:52.503586+00:00
c90a5e8b-77c1-4c35-9e3b-84692ba2ef9d,error_423,,,grey mountain rock with snow patches and exposed stone,,deep blue ocean water with gentle rolling wave ripples,,,2026-06-05T01:16:48.667211+00:00
6548984e-5bfd-4a51-8590-13b6aa3a4819,error_423,,,grey mountain rock with snow patches and exposed stone,,glowing purple-pink mystic enchanted ground with crystal fragments,,,2026-06-05T01:16:44.963071+00:00
7b6c34ca-f14e-4634-80fe-5d344e4ebe3e,error_423,,,calm still blue-green lake water with subtle reflections,,wet dark brown swamp mud with murky water patches,,,2026-06-05T01:15:24.650286+00:00
e46a9438-0404-4385-9448-6de3c0e0a917,error_423,,,calm still blue-green lake water with subtle reflections,,short windswept dry brown-green steppe grass,,,2026-06-05T01:15:18.224636+00:00
cf137f14-07b2-4994-8201-f0e76c3f0d19,error_423,,,calm still blue-green lake water with subtle reflections,,light turquoise shallow water with visible sandy bottom,,,2026-06-05T01:15:14.301534+00:00
8dc61aae-2fef-4856-adcd-4fa08dc4c57b,error_423,,,calm still blue-green lake water with subtle reflections,,dry golden savanna grass with patches of red-brown earth,,,2026-06-05T01:15:10.708366+00:00
513018be-fd08-4347-8877-3791ae6f0c72,error_423,,,calm still blue-green lake water with subtle reflections,,flowing blue river water with gentle current lines,,,2026-06-05T01:15:06.535856+00:00
e964fb53-2406-43db-b81a-2b7e9581f6e8,error_423,,,calm still blue-green lake water with subtle reflections,,deep blue ocean water with gentle rolling wave ripples,,,2026-06-05T01:15:03.297041+00:00
6ff6e631-4361-4a21-9eed-2e82af1ff78a,error_423,,,calm still blue-green lake water with subtle reflections,,glowing purple-pink mystic enchanted ground with crystal fragments,,,2026-06-05T01:14:59.355969+00:00
73c0b74b-c881-4cc2-9d3f-f8bf72e85379,error_423,,,calm still blue-green lake water with subtle reflections,,grey mountain rock with snow patches and exposed stone,,,2026-06-05T01:14:54.452998+00:00
a9186932-b09b-4104-8469-a894dce090b7,error_423,,,calm still blue-green lake water with subtle reflections,,rocky hillside with scattered grey stones and sparse grass,,,2026-06-05T01:14:50.780664+00:00
034bf2ac-86fc-44d5-a781-57bd48ac221a,error_423,,,calm still blue-green lake water with subtle reflections,,lush green grass meadow with individual blades,,,2026-06-05T01:14:47.686271+00:00
df280cf0-6646-4ecc-b730-983f7946d359,error_423,,,calm still blue-green lake water with subtle reflections,,"dark forest floor with fallen brown leaves, moss, and roots",,,2026-06-05T01:14:44.496394+00:00
ae016bf7-ba68-4407-bd9b-4ba1ac301fbb,error_423,,,calm still blue-green lake water with subtle reflections,,arid desert sand with subtle wind ripple patterns,,,2026-06-05T01:13:44.592620+00:00
059b033b-8ba4-4a22-80e8-177b5e868d54,error_423,,,calm still blue-green lake water with subtle reflections,,very dark dense forest floor with thick leaf litter and deep moss,,,2026-06-05T01:13:39.846447+00:00
be8b3eaf-9e33-4be5-aa30-aaa6adf27cc6,error_423,,,calm still blue-green lake water with subtle reflections,,dark navy deep ocean water with slow deep wave patterns,,,2026-06-05T01:13:36.067472+00:00
9598c0ba-e6f4-4cd8-91b1-f8561d51f04d,error_423,,,calm still blue-green lake water with subtle reflections,,golden sandy beach with fine grain texture,,,2026-06-05T01:13:32.409366+00:00
29c38724-7e58-42b0-ab30-00c72a3b7f06,error_423,,,calm still blue-green lake water with subtle reflections,,white snow and ice with subtle blue shadows,,,2026-06-05T01:13:29.132350+00:00
68eaf08d-c2d1-469e-9462-8fcd3e1d9d36,error_423,,,rocky hillside with scattered grey stones and sparse grass,,dark charred volcanic rock with glowing orange lava cracks,,,2026-06-05T01:13:23.708668+00:00
e3d46d15-132d-4b05-b603-6c4cdb4704b7,error_423,,,rocky hillside with scattered grey stones and sparse grass,,frozen grey-brown tundra permafrost with sparse lichen,,,2026-06-05T01:13:19.106827+00:00
2dd3d7a1-5db2-4a45-b245-25960227ce52,error_423,,,rocky hillside with scattered grey stones and sparse grass,,lush tropical forest floor with broad leaves and dark humid soil,,,2026-06-05T01:13:15.459723+00:00
e3c84448-0cea-44b0-abc9-a90e3a909822,error_423,,,rocky hillside with scattered grey stones and sparse grass,,"cold taiga floor with brown pine needles, frost, and lichen",,,2026-06-05T01:13:11.220417+00:00
fbc5edf6-fdee-4a46-96f8-fb68eca69616,error_423,,,rocky hillside with scattered grey stones and sparse grass,,wet dark brown swamp mud with murky water patches,,,2026-06-05T01:13:06.883800+00:00
ee5dd5bd-beb3-4241-ab24-0191a2275fb2,error_423,,,rocky hillside with scattered grey stones and sparse grass,,short windswept dry brown-green steppe grass,,,2026-06-05T01:13:03.030219+00:00
4422de73-beb6-4c43-a903-f941e2d1d9cc,error_423,,,rocky hillside with scattered grey stones and sparse grass,,light turquoise shallow water with visible sandy bottom,,,2026-06-05T01:12:59.487468+00:00
0bd48626-e7f9-4d85-9040-ffd436681037,error_423,,,rocky hillside with scattered grey stones and sparse grass,,dry golden savanna grass with patches of red-brown earth,,,2026-06-05T01:12:56.148647+00:00
69b7a3b6-7dce-4ac2-8b7d-8be775448fa0,error_423,,,rocky hillside with scattered grey stones and sparse grass,,flowing blue river water with gentle current lines,,,2026-06-05T01:12:51.981182+00:00
35d8b503-5fa2-4559-b7b3-ba0779ce47af,error_423,,,rocky hillside with scattered grey stones and sparse grass,,deep blue ocean water with gentle rolling wave ripples,,,2026-06-05T01:12:48.075301+00:00
a20e3eb7-a75c-4697-a6dd-09bc932b6ee2,error_423,,,rocky hillside with scattered grey stones and sparse grass,,glowing purple-pink mystic enchanted ground with crystal fragments,,,2026-06-05T01:12:44.881460+00:00
c7d3307e-8ed5-4367-8f30-6c883f659a2f,error_423,,,rocky hillside with scattered grey stones and sparse grass,,grey mountain rock with snow patches and exposed stone,,,2026-06-05T01:12:39.873416+00:00
58619973-af17-4841-a87e-a821c22aa1cc,error_423,,,rocky hillside with scattered grey stones and sparse grass,,calm still blue-green lake water with subtle reflections,,,2026-06-05T01:12:36.364770+00:00
c31c2182-8558-4653-85fe-1df20ec5e5cd,error_423,,,rocky hillside with scattered grey stones and sparse grass,,"dark forest floor with fallen brown leaves, moss, and roots",,,2026-06-05T01:11:15.494034+00:00
09feb856-c5bf-4cda-922b-1809c9ec6cc3,error_423,,,rocky hillside with scattered grey stones and sparse grass,,arid desert sand with subtle wind ripple patterns,,,2026-06-05T01:11:12.032706+00:00
ce7e0397-982c-47c8-9143-248aa1d1af48,error_423,,,rocky hillside with scattered grey stones and sparse grass,,very dark dense forest floor with thick leaf litter and deep moss,,,2026-06-05T01:11:08.976165+00:00
1bf674ee-479a-411c-b4b8-841816dba626,error_423,,,rocky hillside with scattered grey stones and sparse grass,,dark navy deep ocean water with slow deep wave patterns,,,2026-06-05T01:11:04.214802+00:00
743dd274-9395-40ba-afd8-68a3eb640561,error_423,,,rocky hillside with scattered grey stones and sparse grass,,golden sandy beach with fine grain texture,,,2026-06-05T01:11:00.682422+00:00
447a9de0-b1fb-4d62-b509-492f60b353bd,error_423,,,rocky hillside with scattered grey stones and sparse grass,,white snow and ice with subtle blue shadows,,,2026-06-05T01:10:57.016772+00:00
4e0f78bc-65da-40c2-b3d1-462ee8879771,error_423,,,lush green grass meadow with individual blades,,dark charred volcanic rock with glowing orange lava cracks,,,2026-06-05T01:10:55.612066+00:00
e95ecf8f-bfe4-4929-99e8-366fd2ff5801,error_423,,,lush green grass meadow with individual blades,,frozen grey-brown tundra permafrost with sparse lichen,,,2026-06-05T01:10:47.423043+00:00
6451c892-59a5-40c1-9319-7137866dc7c8,error_423,,,lush green grass meadow with individual blades,,lush tropical forest floor with broad leaves and dark humid soil,,,2026-06-05T01:09:46.082988+00:00
cb4747cc-345b-4595-9f57-36c944729136,error_423,,,lush green grass meadow with individual blades,,"cold taiga floor with brown pine needles, frost, and lichen",,,2026-06-05T01:09:42.180813+00:00
24f46866-1ada-452a-8284-ba287a0bd5b5,error_423,,,lush green grass meadow with individual blades,,wet dark brown swamp mud with murky water patches,,,2026-06-05T01:09:38.194106+00:00
9720b4a5-8cf7-4033-8be6-f1d8eb3fad92,error_423,,,lush green grass meadow with individual blades,,short windswept dry brown-green steppe grass,,,2026-06-05T01:09:34.128998+00:00
7081a62d-954a-432b-b7fd-fd5ad7133c61,error_423,,,lush green grass meadow with individual blades,,light turquoise shallow water with visible sandy bottom,,,2026-06-05T01:09:31.508260+00:00
dccb651a-efc2-4454-b914-57b052fb656f,error_423,,,lush green grass meadow with individual blades,,dry golden savanna grass with patches of red-brown earth,,,2026-06-05T01:09:26.700668+00:00
1b1eff3b-4aa2-419e-adbc-c6cd7b69f706,error_423,,,lush green grass meadow with individual blades,,flowing blue river water with gentle current lines,,,2026-06-05T01:09:23.287675+00:00
f7b38354-21da-4cde-90c7-50a78751362c,error_423,,,lush green grass meadow with individual blades,,deep blue ocean water with gentle rolling wave ripples,,,2026-06-05T01:09:19.515061+00:00
d8b46d66-661f-42cd-898c-6cccd5968283,error_423,,,lush green grass meadow with individual blades,,glowing purple-pink mystic enchanted ground with crystal fragments,,,2026-06-05T01:09:15.820206+00:00
7c365ad4-8d2f-4a05-b657-873d8adb9d74,error_423,,,lush green grass meadow with individual blades,,grey mountain rock with snow patches and exposed stone,,,2026-06-05T01:09:11.144890+00:00
b933ad1a-93ac-47b6-b994-234377e60f7f,error_423,,,lush green grass meadow with individual blades,,calm still blue-green lake water with subtle reflections,,,2026-06-05T01:09:07.427706+00:00
81c30550-b0f9-4ca0-b154-bb1dfcdf5cee,error_423,,,lush green grass meadow with individual blades,,rocky hillside with scattered grey stones and sparse grass,,,2026-06-05T01:09:03.247448+00:00
a7cf31f1-f7fc-41f1-9317-9e3d77af1642,error_423,,,lush green grass meadow with individual blades,,"dark forest floor with fallen brown leaves, moss, and roots",,,2026-06-05T01:08:59.212746+00:00
4c40cb56-1ee7-40b9-bfd5-545c82cf8db9,error_423,,,lush green grass meadow with individual blades,,arid desert sand with subtle wind ripple patterns,,,2026-06-05T01:08:55.581966+00:00
bea44b57-4d85-4522-b676-d69dd3d296dc,error_423,,,lush green grass meadow with individual blades,,very dark dense forest floor with thick leaf litter and deep moss,,,2026-06-05T01:08:51.329975+00:00
c62e3d6d-7a71-4abe-8b6b-51263b7ce52b,error_423,,,lush green grass meadow with individual blades,,dark navy deep ocean water with slow deep wave patterns,,,2026-06-05T01:08:47.533186+00:00
fde8e175-6755-434a-9e0e-8232fdcec4d9,error_423,,,lush green grass meadow with individual blades,,golden sandy beach with fine grain texture,,,2026-06-05T01:08:43.864240+00:00
f67671e6-0cae-4ee1-bc34-ba238cab0fc6,error_423,,,lush green grass meadow with individual blades,,white snow and ice with subtle blue shadows,,,2026-06-05T01:08:40.354501+00:00
c4e255eb-9b9b-4f25-b8b4-880270c12b0c,error_423,,,"dark forest floor with fallen brown leaves, moss, and roots",,dark charred volcanic rock with glowing orange lava cracks,,,2026-06-05T01:07:16.752625+00:00
4b8f9816-4da7-490e-8d18-fe08ea9a857a,error_423,,,"dark forest floor with fallen brown leaves, moss, and roots",,frozen grey-brown tundra permafrost with sparse lichen,,,2026-06-05T01:07:12.236409+00:00
006e5881-694b-4053-b203-5c94b89ff860,error_423,,,"dark forest floor with fallen brown leaves, moss, and roots",,lush tropical forest floor with broad leaves and dark humid soil,,,2026-06-05T01:07:08.599088+00:00
13ff11b5-e94a-47b5-aed3-4068fa9c06ea,error_423,,,"dark forest floor with fallen brown leaves, moss, and roots",,"cold taiga floor with brown pine needles, frost, and lichen",,,2026-06-05T01:07:04.551369+00:00
8bb14f96-a43b-41fb-a205-04f3805db2da,error_423,,,"dark forest floor with fallen brown leaves, moss, and roots",,wet dark brown swamp mud with murky water patches,,,2026-06-05T01:07:00.621101+00:00
b59d901d-8262-4953-b233-1b3190eff471,error_423,,,"dark forest floor with fallen brown leaves, moss, and roots",,short windswept dry brown-green steppe grass,,,2026-06-05T01:06:56.999745+00:00
3bab34c9-9116-45f5-9a8f-3463693b7375,error_423,,,"dark forest floor with fallen brown leaves, moss, and roots",,light turquoise shallow water with visible sandy bottom,,,2026-06-05T01:06:52.815611+00:00
3c8e2c24-4d65-40d8-ab55-1d3938180254,error_423,,,"dark forest floor with fallen brown leaves, moss, and roots",,dry golden savanna grass with patches of red-brown earth,,,2026-06-05T01:06:49.272104+00:00
3b944c66-ed6f-433d-b5f1-8c7d0b7963eb,error_423,,,"dark forest floor with fallen brown leaves, moss, and roots",,flowing blue river water with gentle current lines,,,2026-06-05T01:04:53.249780+00:00
a055c13b-ae8f-4a75-81a7-f0470dd2db6e,error_423,,,"dark forest floor with fallen brown leaves, moss, and roots",,deep blue ocean water with gentle rolling wave ripples,,,2026-06-05T01:04:49.761088+00:00
c9fa01b7-31c6-4ec7-8fef-0006124a287d,error_423,,,"dark forest floor with fallen brown leaves, moss, and roots",,glowing purple-pink mystic enchanted ground with crystal fragments,,,2026-06-05T01:03:08.906498+00:00
70f839d3-e5e8-4080-84bd-a7d278379277,error_423,,,"dark forest floor with fallen brown leaves, moss, and roots",,grey mountain rock with snow patches and exposed stone,,,2026-06-05T01:03:05.444670+00:00
020c4177-a270-44e4-b5f1-ee519b9c129f,error_423,,,"dark forest floor with fallen brown leaves, moss, and roots",,calm still blue-green lake water with subtle reflections,,,2026-06-05T01:03:00.948731+00:00
e8c2f2ec-abbe-490b-9636-4bb0885bebe7,error_423,,,"dark forest floor with fallen brown leaves, moss, and roots",,rocky hillside with scattered grey stones and sparse grass,,,2026-06-05T01:02:57.273834+00:00
3ae3b3ce-7fb2-43e8-8595-8e2fdb91e497,error_423,,,"dark forest floor with fallen brown leaves, moss, and roots",,lush green grass meadow with individual blades,,,2026-06-05T01:02:53.362497+00:00
e22999d1-52de-4f62-ac2c-376bd2b860ed,error_423,,,"dark forest floor with fallen brown leaves, moss, and roots",,arid desert sand with subtle wind ripple patterns,,,2026-06-05T01:02:49.999665+00:00
acec9c22-64d1-4ff5-aaa7-87ddbda23bad,error_423,,,"dark forest floor with fallen brown leaves, moss, and roots",,very dark dense forest floor with thick leaf litter and deep moss,,,2026-06-05T01:01:48.335454+00:00
925f5edb-c091-42ca-b962-a1b0eb42137a,error_423,,,"dark forest floor with fallen brown leaves, moss, and roots",,dark navy deep ocean water with slow deep wave patterns,,,2026-06-05T01:01:44.850115+00:00
f6610d3c-5203-4593-8d3f-33d4ca043d8a,error_423,,,"dark forest floor with fallen brown leaves, moss, and roots",,golden sandy beach with fine grain texture,,,2026-06-05T01:01:41.747329+00:00
c3e5f630-1ddd-4f0b-ba3c-19834e8658f9,error_423,,,"dark forest floor with fallen brown leaves, moss, and roots",,white snow and ice with subtle blue shadows,,,2026-06-05T01:01:37.458404+00:00
93e6d449-f364-42d8-987f-525d3fd32d14,error_423,,,arid desert sand with subtle wind ripple patterns,,dark charred volcanic rock with glowing orange lava cracks,,,2026-06-05T01:01:32.182712+00:00
a2f8e840-0df6-44eb-9065-79195d9e3d22,error_423,,,arid desert sand with subtle wind ripple patterns,,frozen grey-brown tundra permafrost with sparse lichen,,,2026-06-05T01:01:28.098960+00:00
21ca9575-e4d9-4fc3-a806-c29e8dbe084e,error_423,,,arid desert sand with subtle wind ripple patterns,,lush tropical forest floor with broad leaves and dark humid soil,,,2026-06-05T01:01:24.393371+00:00
d077cfd9-e15a-44a8-bcac-092911fa4907,error_423,,,arid desert sand with subtle wind ripple patterns,,"cold taiga floor with brown pine needles, frost, and lichen",,,2026-06-05T01:01:20.625820+00:00
f167f992-9091-4800-81c0-2ed02d380116,error_423,,,arid desert sand with subtle wind ripple patterns,,wet dark brown swamp mud with murky water patches,,,2026-06-05T01:01:16.327742+00:00
63bda3db-3754-403a-8e6b-12eead21e9bd,error_423,,,arid desert sand with subtle wind ripple patterns,,short windswept dry brown-green steppe grass,,,2026-06-05T01:01:12.496383+00:00
a523e487-c671-412c-8272-36e57da4bc9e,error_423,,,arid desert sand with subtle wind ripple patterns,,light turquoise shallow water with visible sandy bottom,,,2026-06-05T01:01:08.516222+00:00
e07a9d56-5142-442e-8767-6095ff24831f,error_423,,,arid desert sand with subtle wind ripple patterns,,dry golden savanna grass with patches of red-brown earth,,,2026-06-05T01:01:05.191152+00:00
19a8a069-838e-45e8-81bb-eec9339df242,error_423,,,arid desert sand with subtle wind ripple patterns,,flowing blue river water with gentle current lines,,,2026-06-05T01:01:01.203268+00:00
aa9e80cc-40d0-46df-946b-8eabc2967765,error_423,,,arid desert sand with subtle wind ripple patterns,,deep blue ocean water with gentle rolling wave ripples,,,2026-06-05T01:00:58.391325+00:00
6c83453c-e42f-4771-8e09-b4b52e6376ca,error_423,,,arid desert sand with subtle wind ripple patterns,,glowing purple-pink mystic enchanted ground with crystal fragments,,,2026-06-05T01:00:57.335890+00:00
2f374e95-e991-4a77-8489-20fc9a22f54c,error_423,,,arid desert sand with subtle wind ripple patterns,,grey mountain rock with snow patches and exposed stone,,,2026-06-05T01:00:48.937633+00:00
5c651700-b3b6-4511-91a9-7075c4adfa2c,error_423,,,arid desert sand with subtle wind ripple patterns,,calm still blue-green lake water with subtle reflections,,,2026-06-05T01:00:45.892941+00:00
9ace88fe-33b7-4a84-b0e9-f50652c5d013,error_423,,,arid desert sand with subtle wind ripple patterns,,rocky hillside with scattered grey stones and sparse grass,,,2026-06-05T01:00:42.392357+00:00
c4eafc74-8f56-476a-a2ea-0b1c6d884c63,error_423,,,arid desert sand with subtle wind ripple patterns,,lush green grass meadow with individual blades,,,2026-06-05T00:59:06.070269+00:00
5bd469a5-1060-4de8-aa04-e172c93c0750,error_423,,,arid desert sand with subtle wind ripple patterns,,"dark forest floor with fallen brown leaves, moss, and roots",,,2026-06-05T00:59:02.256524+00:00
001e3e1f-4bc2-418a-a323-16180f0905aa,error_423,,,arid desert sand with subtle wind ripple patterns,,very dark dense forest floor with thick leaf litter and deep moss,,,2026-06-05T00:58:58.106613+00:00
156f5a9b-eb5f-4e29-8557-659d96c7f35b,error_423,,,arid desert sand with subtle wind ripple patterns,,dark navy deep ocean water with slow deep wave patterns,,,2026-06-05T00:58:54.441810+00:00
03709298-9b9e-4ca9-b38d-6761c433db70,error_423,,,arid desert sand with subtle wind ripple patterns,,golden sandy beach with fine grain texture,,,2026-06-05T00:58:50.650351+00:00
8ed36349-347c-4168-b1b3-cfb36afa93c3,error_423,,,arid desert sand with subtle wind ripple patterns,,white snow and ice with subtle blue shadows,,,2026-06-05T00:58:47.682204+00:00
a994f175-cab1-44a3-a1fc-592dd896a626,error_423,,,very dark dense forest floor with thick leaf litter and deep moss,,dark charred volcanic rock with glowing orange lava cracks,,,2026-06-05T00:58:42.100361+00:00
9057dd40-94b8-4e8d-9d97-e7570850cbff,error_423,,,very dark dense forest floor with thick leaf litter and deep moss,,frozen grey-brown tundra permafrost with sparse lichen,,,2026-06-05T00:57:13.112487+00:00
2893a0e2-9623-44dd-a850-e66632fb99e0,error_423,,,very dark dense forest floor with thick leaf litter and deep moss,,lush tropical forest floor with broad leaves and dark humid soil,,,2026-06-05T00:57:09.992720+00:00
e239db98-ce6a-4122-babf-d93a2e1e5ad4,error_423,,,very dark dense forest floor with thick leaf litter and deep moss,,"cold taiga floor with brown pine needles, frost, and lichen",,,2026-06-05T00:57:05.070572+00:00
29aaed70-327f-42e7-9d9a-32523d32efe8,error_423,,,very dark dense forest floor with thick leaf litter and deep moss,,wet dark brown swamp mud with murky water patches,,,2026-06-05T00:57:01.092415+00:00
4147c234-4dfc-4db0-a08f-78394f72934b,error_423,,,very dark dense forest floor with thick leaf litter and deep moss,,short windswept dry brown-green steppe grass,,,2026-06-05T00:56:57.651630+00:00
ed082deb-eaea-47aa-ae3a-4f79ccd1ab52,error_423,,,very dark dense forest floor with thick leaf litter and deep moss,,light turquoise shallow water with visible sandy bottom,,,2026-06-05T00:56:53.293428+00:00
49dd5962-edd3-4adb-8530-434c2e5cfca7,error_423,,,very dark dense forest floor with thick leaf litter and deep moss,,dry golden savanna grass with patches of red-brown earth,,,2026-06-05T00:56:49.619809+00:00
c8eba565-e37d-4632-96d2-25eff7652395,error_423,,,very dark dense forest floor with thick leaf litter and deep moss,,flowing blue river water with gentle current lines,,,2026-06-05T00:56:45.632232+00:00
e155ef1b-f58c-4f29-8289-ae6b1251594f,error_423,,,very dark dense forest floor with thick leaf litter and deep moss,,deep blue ocean water with gentle rolling wave ripples,,,2026-06-05T00:56:41.779195+00:00
2c572b0b-58d7-42ad-9f09-29ed90ff22de,error_423,,,very dark dense forest floor with thick leaf litter and deep moss,,glowing purple-pink mystic enchanted ground with crystal fragments,,,2026-06-05T00:55:44.376824+00:00
20b653d6-2f2b-4d2f-94c1-7c0093fef3d5,error_423,,,very dark dense forest floor with thick leaf litter and deep moss,,grey mountain rock with snow patches and exposed stone,,,2026-06-05T00:55:40.383950+00:00
6ee84c9c-0a0c-4bd0-836d-bb3dcda6f168,error_423,,,very dark dense forest floor with thick leaf litter and deep moss,,calm still blue-green lake water with subtle reflections,,,2026-06-05T00:55:36.239522+00:00
4c0c4a75-79f2-44a7-addc-0fb9810ea71d,error_423,,,very dark dense forest floor with thick leaf litter and deep moss,,rocky hillside with scattered grey stones and sparse grass,,,2026-06-05T00:55:32.402324+00:00
73811104-ffa0-48b0-8023-ccb48b393563,error_423,,,very dark dense forest floor with thick leaf litter and deep moss,,lush green grass meadow with individual blades,,,2026-06-05T00:55:28.738980+00:00
0871bee8-a425-4b3d-969c-81750c3f4a6f,error_423,,,very dark dense forest floor with thick leaf litter and deep moss,,"dark forest floor with fallen brown leaves, moss, and roots",,,2026-06-05T00:55:25.015998+00:00
d50ac442-e215-43dc-98f6-c07efcda9dd7,error_423,,,very dark dense forest floor with thick leaf litter and deep moss,,arid desert sand with subtle wind ripple patterns,,,2026-06-05T00:55:21.102569+00:00
21fe5858-d58b-4210-a4d0-6ab040d60cf4,error_423,,,very dark dense forest floor with thick leaf litter and deep moss,,dark navy deep ocean water with slow deep wave patterns,,,2026-06-05T00:55:16.932899+00:00
4294f299-66ac-4e45-b974-c430cdb01437,error_423,,,very dark dense forest floor with thick leaf litter and deep moss,,golden sandy beach with fine grain texture,,,2026-06-05T00:55:13.576565+00:00
5f7295d3-3015-42b4-9045-3d339095fa5b,error_423,,,very dark dense forest floor with thick leaf litter and deep moss,,white snow and ice with subtle blue shadows,,,2026-06-05T00:55:10.356833+00:00
6f442501-5657-495d-ac91-6ed16d9b805c,error_423,,,dark navy deep ocean water with slow deep wave patterns,,dark charred volcanic rock with glowing orange lava cracks,,,2026-06-05T00:55:04.994798+00:00
9f5caa19-6259-49bf-99a8-ce14cf95d085,error_423,,,dark navy deep ocean water with slow deep wave patterns,,frozen grey-brown tundra permafrost with sparse lichen,,,2026-06-05T00:55:00.129634+00:00
6f1f8df7-b588-4b66-b347-1a959814ba00,error_423,,,dark navy deep ocean water with slow deep wave patterns,,lush tropical forest floor with broad leaves and dark humid soil,,,2026-06-05T00:54:56.694597+00:00
54f4455b-334c-4f5d-ae1e-bff8aa0b0f21,error_423,,,dark navy deep ocean water with slow deep wave patterns,,"cold taiga floor with brown pine needles, frost, and lichen",,,2026-06-05T00:54:52.428318+00:00
dade6837-af80-4b1e-95bb-d444e5907039,error_423,,,dark navy deep ocean water with slow deep wave patterns,,wet dark brown swamp mud with murky water patches,,,2026-06-05T00:54:48.103230+00:00
80da84be-3398-433a-948c-addd02129fe8,error_423,,,dark navy deep ocean water with slow deep wave patterns,,short windswept dry brown-green steppe grass,,,2026-06-05T00:54:44.573744+00:00
3c0adaa6-4eb3-41f9-bfd5-6a9306e714ce,error_423,,,dark navy deep ocean water with slow deep wave patterns,,light turquoise shallow water with visible sandy bottom,,,2026-06-05T00:54:40.484151+00:00
14c13aba-1dc7-4c7c-bd58-ede97d812bdb,error_423,,,dark navy deep ocean water with slow deep wave patterns,,dry golden savanna grass with patches of red-brown earth,,,2026-06-05T00:54:37.463284+00:00
a01944e1-674c-416e-9a8e-cf2420fdbef0,error_423,,,dark navy deep ocean water with slow deep wave patterns,,flowing blue river water with gentle current lines,,,2026-06-05T00:53:23.057478+00:00
d2774c4b-47a3-42bf-99dc-c05a68a1b5b3,error_423,,,dark navy deep ocean water with slow deep wave patterns,,deep blue ocean water with gentle rolling wave ripples,,,2026-06-05T00:53:19.552271+00:00
00d5dea9-4868-4e96-b626-7dd3370cdfab,error_423,,,dark navy deep ocean water with slow deep wave patterns,,glowing purple-pink mystic enchanted ground with crystal fragments,,,2026-06-05T00:53:16.441609+00:00
e991f2d0-59fb-4dbb-bcdd-4f4049bd0a04,error_423,,,dark navy deep ocean water with slow deep wave patterns,,grey mountain rock with snow patches and exposed stone,,,2026-06-05T00:53:11.394415+00:00
211cb817-f255-43dc-ba0b-cc387827550e,error_423,,,dark navy deep ocean water with slow deep wave patterns,,calm still blue-green lake water with subtle reflections,,,2026-06-05T00:53:07.220591+00:00
08cb5142-c0d3-42bf-b9a1-628440c92934,error_423,,,dark navy deep ocean water with slow deep wave patterns,,rocky hillside with scattered grey stones and sparse grass,,,2026-06-05T00:53:05.216069+00:00
50894206-212f-4090-a6a7-fcaa6e728d79,error_423,,,dark navy deep ocean water with slow deep wave patterns,,lush green grass meadow with individual blades,,,2026-06-05T00:53:04.324869+00:00
23b53897-b83d-434c-9878-8bb10a711755,error_423,,,dark navy deep ocean water with slow deep wave patterns,,"dark forest floor with fallen brown leaves, moss, and roots",,,2026-06-05T00:53:03.864553+00:00
0157a2e3-7c70-4312-9850-dfe2ae597fcb,error_423,,,dark navy deep ocean water with slow deep wave patterns,,arid desert sand with subtle wind ripple patterns,,,2026-06-05T00:52:52.381925+00:00
a2be7a02-7431-4c6c-9d64-15c7aae2e6ba,error_423,,,dark navy deep ocean water with slow deep wave patterns,,very dark dense forest floor with thick leaf litter and deep moss,,,2026-06-05T00:52:48.055326+00:00
60aa4764-88e4-4a1f-bb72-bbbe22aef989,error_423,,,dark navy deep ocean water with slow deep wave patterns,,golden sandy beach with fine grain texture,,,2026-06-05T00:52:44.158938+00:00
3961a13e-8323-41e8-a6fd-13b31403e55a,error_423,,,dark navy deep ocean water with slow deep wave patterns,,white snow and ice with subtle blue shadows,,,2026-06-05T00:52:41.349550+00:00
9e5e6459-48aa-4498-8c2e-d168c8c57c05,error_423,,,golden sandy beach with fine grain texture,,dark charred volcanic rock with glowing orange lava cracks,,,2026-06-05T00:51:34.912973+00:00
74681f0a-799b-4d83-b4a3-e4bbaa6b8187,error_423,,,golden sandy beach with fine grain texture,,frozen grey-brown tundra permafrost with sparse lichen,,,2026-06-05T00:51:31.290778+00:00
e2ea150e-fa0c-4464-8ba1-6c7a937b1029,error_423,,,golden sandy beach with fine grain texture,,lush tropical forest floor with broad leaves and dark humid soil,,,2026-06-05T00:51:27.373331+00:00
7a2f78fc-8c2c-448b-aeb4-2f86fb84a8ce,error_423,,,golden sandy beach with fine grain texture,,"cold taiga floor with brown pine needles, frost, and lichen",,,2026-06-05T00:51:23.137894+00:00
ddf5692a-033a-4409-aa4d-c01a90582cdb,error_423,,,golden sandy beach with fine grain texture,,wet dark brown swamp mud with murky water patches,,,2026-06-05T00:51:19.208009+00:00
36a648d2-80d4-40ba-8986-5f6e395607e6,error_423,,,golden sandy beach with fine grain texture,,short windswept dry brown-green steppe grass,,,2026-06-05T00:51:15.501567+00:00
6c8adb61-d626-4aed-a927-b3b24c6769f2,error_423,,,golden sandy beach with fine grain texture,,light turquoise shallow water with visible sandy bottom,,,2026-06-05T00:51:11.159627+00:00
631f4bf1-ed6c-49ca-b5d9-7637fdcc7792,error_423,,,golden sandy beach with fine grain texture,,dry golden savanna grass with patches of red-brown earth,,,2026-06-05T00:51:07.946220+00:00
4fe8ff74-20eb-48cd-a155-3b1e35902109,error_423,,,golden sandy beach with fine grain texture,,flowing blue river water with gentle current lines,,,2026-06-05T00:51:04.458831+00:00
4dee5629-c2d3-4f2b-a875-d440cf63504a,error_423,,,golden sandy beach with fine grain texture,,deep blue ocean water with gentle rolling wave ripples,,,2026-06-05T00:51:00.386601+00:00
be432e9e-c779-4ad5-a90a-45a055e011df,error_423,,,golden sandy beach with fine grain texture,,glowing purple-pink mystic enchanted ground with crystal fragments,,,2026-06-05T00:50:56.204248+00:00
3a6d578a-17fc-4800-962f-9f7c65f39aa8,error_423,,,golden sandy beach with fine grain texture,,grey mountain rock with snow patches and exposed stone,,,2026-06-05T00:50:51.883080+00:00
b60c1781-4b63-494c-b4ae-d5837b3d3b7c,error_423,,,golden sandy beach with fine grain texture,,calm still blue-green lake water with subtle reflections,,,2026-06-05T00:50:48.624930+00:00
457fcf20-0fb7-4b97-a67d-6352580a24c4,error_423,,,golden sandy beach with fine grain texture,,rocky hillside with scattered grey stones and sparse grass,,,2026-06-05T00:50:46.557543+00:00
66761152-3f28-4b0d-96c5-41263fc3a8a8,error_423,,,golden sandy beach with fine grain texture,,lush green grass meadow with individual blades,,,2026-06-05T00:50:41.577218+00:00
3e8da021-c07b-492b-9387-05cb29a276ed,error_423,,,calm still blue-green lake water with subtle reflections,,frozen grey-brown tundra permafrost with sparse lichen,,,2026-06-05T00:50:07.947929+00:00
1b92da75-0ac6-4592-9200-77fc4da49a44,error_423,,,golden sandy beach with fine grain texture,,"dark forest floor with fallen brown leaves, moss, and roots",,,2026-06-05T00:48:54.391222+00:00
d2df69d5-ade9-46d3-9896-e7039322cf3b,error_423,,,golden sandy beach with fine grain texture,,arid desert sand with subtle wind ripple patterns,,,2026-06-05T00:48:50.081334+00:00
fd32ac6d-743d-4bf3-9db8-c7185979110c,error_423,,,golden sandy beach with fine grain texture,,very dark dense forest floor with thick leaf litter and deep moss,,,2026-06-05T00:48:46.894322+00:00
e5067dc1-7bf3-477c-a7d5-d6a40b243bf3,error_423,,,calm still blue-green lake water with subtle reflections,,dry golden savanna grass with patches of red-brown earth,,,2026-06-05T00:46:43.836594+00:00
127a99b7-5e04-4cac-a6ee-3343248aa1ae,error_423,,,golden sandy beach with fine grain texture,,white snow and ice with subtle blue shadows,,,2026-06-05T00:46:40.663657+00:00
0361b50f-881e-45c9-8e72-170a7eeecdf2,error_423,,,white snow and ice with subtle blue shadows,,dark charred volcanic rock with glowing orange lava cracks,,,2026-06-05T00:44:53.430541+00:00
880723d3-2141-47ad-8714-b71902c6821a,error_423,,,white snow and ice with subtle blue shadows,,frozen grey-brown tundra permafrost with sparse lichen,,,2026-06-05T00:44:49.530279+00:00
e3898930-c579-403b-a4c9-d8365ea798c6,error_423,,,white snow and ice with subtle blue shadows,,lush tropical forest floor with broad leaves and dark humid soil,,,2026-06-05T00:44:47.456597+00:00
bf0a5308-205e-48b8-8c34-f61b07984834,error_423,,,white snow and ice with subtle blue shadows,,"cold taiga floor with brown pine needles, frost, and lichen",,,2026-06-05T00:44:42.482571+00:00
0da76889-82f0-4bdd-be19-cd451890c4ce,error_423,,,grey mountain rock with snow patches and exposed stone,,frozen grey-brown tundra permafrost with sparse lichen,,,2026-06-05T00:44:12.926579+00:00
7cf7d65d-ee7d-4dd0-8e1f-39eb05385db6,error_423,,,grey mountain rock with snow patches and exposed stone,,lush tropical forest floor with broad leaves and dark humid soil,,,2026-06-05T00:44:10.591812+00:00
435573de-6387-4bfe-aac9-73ad8a0b3bc4,error_423,,,calm still blue-green lake water with subtle reflections,,dark charred volcanic rock with glowing orange lava cracks,,,2026-06-05T00:44:06.949860+00:00
629e4786-f0ee-4c20-bf8c-33920321bd32,error_423,,,calm still blue-green lake water with subtle reflections,,lush tropical forest floor with broad leaves and dark humid soil,,,2026-06-05T00:44:00.216009+00:00
83ebb61c-7fb1-4ab2-bd2f-9b0856a884fc,error_423,,,calm still blue-green lake water with subtle reflections,,"cold taiga floor with brown pine needles, frost, and lichen",,,2026-06-05T00:43:54.897607+00:00
e3c846b3-d637-4744-a278-59828851af40,error_423,,,calm still blue-green lake water with subtle reflections,,short windswept dry brown-green steppe grass,,,2026-06-05T00:43:50.762932+00:00
e261c73b-37a6-48d7-97e2-4cfc61175ce7,error_423,,,calm still blue-green lake water with subtle reflections,,glowing purple-pink mystic enchanted ground with crystal fragments,,,2026-06-05T00:43:44.041426+00:00
138274e0-71ae-4531-bf0f-d323f59d2df5,error_423,,,white snow and ice with subtle blue shadows,,wet dark brown swamp mud with murky water patches,,,2026-06-05T00:42:47.358903+00:00
c5954742-1195-4313-8f18-650b87572227,error_423,,,white snow and ice with subtle blue shadows,,short windswept dry brown-green steppe grass,,,2026-06-05T00:42:44.284225+00:00
082d2527-06bb-4c9e-adb0-d60ca981b4ce,error_423,,,white snow and ice with subtle blue shadows,,light turquoise shallow water with visible sandy bottom,,,2026-06-05T00:40:40.513567+00:00
cb6d0c6a-2d3d-4d30-b91c-4b2db4024eed,error_423,,,calm still blue-green lake water with subtle reflections,,grey mountain rock with snow patches and exposed stone,,,2026-06-05T00:39:49.135804+00:00
446fd006-e004-42a6-9622-84f62e854930,error_423,,,white snow and ice with subtle blue shadows,,dry golden savanna grass with patches of red-brown earth,,,2026-06-05T00:38:43.372022+00:00
07667447-68dd-4a9e-b3d2-440dd68fb9bb,error_423,,,calm still blue-green lake water with subtle reflections,,deep blue ocean water with gentle rolling wave ripples,,,2026-06-05T00:35:54.686974+00:00
855c7aec-fd49-42f3-b12e-e7d045faba64,error_423,,,rocky hillside with scattered grey stones and sparse grass,,frozen grey-brown tundra permafrost with sparse lichen,,,2026-06-05T00:35:45.776293+00:00
ae4903a3-a824-49ef-8a76-990738d70c3b,error_423,,,rocky hillside with scattered grey stones and sparse grass,,lush tropical forest floor with broad leaves and dark humid soil,,,2026-06-05T00:35:38.305928+00:00
43f6508e-bc13-4fe2-9dbb-d15c36cc77a5,error_423,,,rocky hillside with scattered grey stones and sparse grass,,"cold taiga floor with brown pine needles, frost, and lichen",,,2026-06-05T00:30:02.012370+00:00
5d0ae331-6640-4470-b4e9-3b97caf1e1f0,error_423,,,rocky hillside with scattered grey stones and sparse grass,,wet dark brown swamp mud with murky water patches,,,2026-06-05T00:29:57.244820+00:00
3384edde-393a-4b83-870f-940bbd0d9c20,error_423,,,rocky hillside with scattered grey stones and sparse grass,,short windswept dry brown-green steppe grass,,,2026-06-05T00:29:53.987402+00:00
90bc0d20-b9ce-4b6c-bd11-bfd4e3c6ae44,error_423,,,rocky hillside with scattered grey stones and sparse grass,,dry golden savanna grass with patches of red-brown earth,,,2026-06-05T00:29:50.585291+00:00
7676d02a-292d-4f7c-aa2b-e1fe4a6f5ba6,error_423,,,rocky hillside with scattered grey stones and sparse grass,,flowing blue river water with gentle current lines,,,2026-06-05T00:29:46.283741+00:00
44328e0e-f1c6-4a25-9709-52b99bbd48cb,error_423,,,rocky hillside with scattered grey stones and sparse grass,,deep blue ocean water with gentle rolling wave ripples,,,2026-06-05T00:29:42.889049+00:00
06dbb37c-3683-442e-b3db-266105700111,error_423,,,rocky hillside with scattered grey stones and sparse grass,,glowing purple-pink mystic enchanted ground with crystal fragments,,,2026-06-05T00:29:38.790408+00:00
97adb7c5-4854-484d-8a5b-7938d037fdc9,error_423,,,white snow and ice with subtle blue shadows,,flowing blue river water with gentle current lines,,,2026-06-05T00:29:34.548431+00:00
2555e034-f229-4922-99ce-515180bf4b6d,error_423,,,white snow and ice with subtle blue shadows,,deep blue ocean water with gentle rolling wave ripples,,,2026-06-05T00:29:29.718767+00:00
a10fc5bd-fdda-4bdb-9793-4b3b2458d87f,error_423,,,white snow and ice with subtle blue shadows,,glowing purple-pink mystic enchanted ground with crystal fragments,,,2026-06-05T00:29:25.887246+00:00
4d8c988c-6d3a-4c7c-b901-9859860f027d,error_423,,,white snow and ice with subtle blue shadows,,grey mountain rock with snow patches and exposed stone,,,2026-06-05T00:29:21.824656+00:00
c39852bf-e16d-4cda-9824-a1e6c11298f4,error_423,,,white snow and ice with subtle blue shadows,,calm still blue-green lake water with subtle reflections,,,2026-06-05T00:29:18.447369+00:00
4c79aa60-110f-4a71-b894-a03ccf2eb144,error_423,,,white snow and ice with subtle blue shadows,,rocky hillside with scattered grey stones and sparse grass,,,2026-06-05T00:29:14.457193+00:00
f525b660-4cd7-48fc-b0f5-133c53d74ebc,error_423,,,white snow and ice with subtle blue shadows,,lush green grass meadow with individual blades,,,2026-06-05T00:29:11.346151+00:00
89635016-305c-470b-90eb-0811f73b36a5,error_423,,,white snow and ice with subtle blue shadows,,"dark forest floor with fallen brown leaves, moss, and roots",,,2026-06-05T00:29:07.562219+00:00
974c2e77-f061-41dd-ac22-58f440906000,error_423,,,white snow and ice with subtle blue shadows,,arid desert sand with subtle wind ripple patterns,,,2026-06-05T00:29:03.929893+00:00
52a7f0c7-598a-45a7-afea-f903fa48d502,error_423,,,white snow and ice with subtle blue shadows,,very dark dense forest floor with thick leaf litter and deep moss,,,2026-06-05T00:28:59.526792+00:00
2e9d6a50-ee26-4421-9bb5-20e54b0fdefe,error_423,,,white snow and ice with subtle blue shadows,,dark navy deep ocean water with slow deep wave patterns,,,2026-06-05T00:28:55.647135+00:00
13bc2d3e-0b2e-42a3-8155-409d27e288a3,error_423,,,white snow and ice with subtle blue shadows,,golden sandy beach with fine grain texture,,,2026-06-05T00:28:52.229917+00:00
658bc1a4-42e4-48e3-ab1b-c56d7cdc9cba,error_423,,,frozen grey-brown tundra permafrost with sparse lichen,,dark charred volcanic rock with glowing orange lava cracks,,,2026-06-05T00:28:46.890389+00:00
e33e0fb1-0e56-4258-8f67-a894a94c5d7a,error_423,,,lush tropical forest floor with broad leaves and dark humid soil,,dark charred volcanic rock with glowing orange lava cracks,,,2026-06-05T00:28:42.788722+00:00
17176d17-84cc-43c3-890c-4d5792ad7d56,error_423,,,lush tropical forest floor with broad leaves and dark humid soil,,frozen grey-brown tundra permafrost with sparse lichen,,,2026-06-05T00:28:41.018939+00:00
c9f9b325-6569-4df4-9cbc-9694bb3931b2,error_423,,,"cold taiga floor with brown pine needles, frost, and lichen",,dark charred volcanic rock with glowing orange lava cracks,,,2026-06-05T00:28:35.447355+00:00
c4e82723-3109-4d2c-9b13-3c721a977cec,error_423,,,rocky hillside with scattered grey stones and sparse grass,,light turquoise shallow water with visible sandy bottom,,,2026-06-05T00:25:19.823823+00:00
64b25ae5-3d86-483c-ac81-a25d40b1c5e3,error_423,,,rocky hillside with scattered grey stones and sparse grass,,calm still blue-green lake water with subtle reflections,,,2026-06-05T00:25:01.578018+00:00
9acd03b8-e212-4c55-9925-4e00a8dddeb1,error_423,,,"cold taiga floor with brown pine needles, frost, and lichen",,frozen grey-brown tundra permafrost with sparse lichen,,,2026-06-05T00:24:52.029746+00:00
645dd315-3b94-4587-88ce-eb54d95f5fa2,error_423,,,"cold taiga floor with brown pine needles, frost, and lichen",,lush tropical forest floor with broad leaves and dark humid soil,,,2026-06-05T00:24:48.819030+00:00
645dd315-3b94-4587-88ce-eb54d95f5fa2,error_423,,,"cold taiga floor with brown pine needles, frost, and lichen",,lush tropical forest floor with broad leaves and dark humid soil,,,2026-06-05T00:24:48.819030+00:00
fb6e9b4d-a008-46e9-a6ab-33ab09f14a50,completed,16,ebad6623-d862-49e8-9124-8a90f53e1229,wet dark brown swamp mud with murky water patches,e14095c3-0980-4e7f-8093-44a656dac7b3,dark charred volcanic rock with glowing orange lava cracks,0.25,high top-down,2026-06-05T00:24:43.548003+00:00
af60e66b-3505-4f4b-9f89-e0cd50578bc5,completed,16,ebad6623-d862-49e8-9124-8a90f53e1229,wet dark brown swamp mud with murky water patches,625ca67b-3217-4a0a-824b-0dcf848051f4,frozen grey-brown tundra permafrost with sparse lichen,0.25,high top-down,2026-06-05T00:23:30.240824+00:00
b8c6dfe1-10b2-4d45-83b5-952899efdf02,completed,16,ebad6623-d862-49e8-9124-8a90f53e1229,wet dark brown swamp mud with murky water patches,8b0f1193-c9b8-45c8-b1e5-4b8f8d134e84,lush tropical forest floor with broad leaves and dark humid soil,0.25,high top-down,2026-06-05T00:23:29.216584+00:00
1d5cdb5e-4ac8-40e0-88c6-33ab28734c13,completed,16,ebad6623-d862-49e8-9124-8a90f53e1229,wet dark brown swamp mud with murky water patches,f69fd602-1bcc-42a1-872b-95ee1b267015,"cold taiga floor with brown pine needles, frost, and lichen",0.25,high top-down,2026-06-05T00:23:26.318011+00:00
d441242f-1c41-41fa-855c-738516896f2f,completed,16,fe211bb1-4b99-4e95-a025-a04ce8883d5e,short windswept dry brown-green steppe grass,e14095c3-0980-4e7f-8093-44a656dac7b3,dark charred volcanic rock with glowing orange lava cracks,0.25,high top-down,2026-06-05T00:23:21.370884+00:00
ae40e9e1-c59d-4ec9-875e-2aa949556695,completed,16,fe211bb1-4b99-4e95-a025-a04ce8883d5e,short windswept dry brown-green steppe grass,8b0f1193-c9b8-45c8-b1e5-4b8f8d134e84,lush tropical forest floor with broad leaves and dark humid soil,0.25,high top-down,2026-06-05T00:23:18.285055+00:00
8b9b7c33-356b-41f0-a0ed-929f362130b0,completed,16,fe211bb1-4b99-4e95-a025-a04ce8883d5e,short windswept dry brown-green steppe grass,f69fd602-1bcc-42a1-872b-95ee1b267015,"cold taiga floor with brown pine needles, frost, and lichen",0.25,high top-down,2026-06-05T00:23:15.968839+00:00
5e72ef2d-5f6a-4d76-ae27-7f03b52f19d6,completed,16,fe211bb1-4b99-4e95-a025-a04ce8883d5e,short windswept dry brown-green steppe grass,b65f815c-33eb-467d-9440-53369e6649fa,wet dark brown swamp mud with murky water patches,0.25,high top-down,2026-06-05T00:23:13.274687+00:00
56d9ea10-3e5d-42a9-926a-74a55db1af17,completed,16,b76c4461-725a-4468-9631-e28b50b76f25,light turquoise shallow water with visible sandy bottom,e14095c3-0980-4e7f-8093-44a656dac7b3,dark charred volcanic rock with glowing orange lava cracks,0.25,high top-down,2026-06-05T00:23:09.302137+00:00
4d7bc269-8172-4365-a516-346aca5f1506,completed,16,b76c4461-725a-4468-9631-e28b50b76f25,light turquoise shallow water with visible sandy bottom,625ca67b-3217-4a0a-824b-0dcf848051f4,frozen grey-brown tundra permafrost with sparse lichen,0.25,high top-down,2026-06-05T00:23:06.986003+00:00
c550e72b-a85d-4443-9207-5ccae77a07df,completed,16,b76c4461-725a-4468-9631-e28b50b76f25,light turquoise shallow water with visible sandy bottom,8b0f1193-c9b8-45c8-b1e5-4b8f8d134e84,lush tropical forest floor with broad leaves and dark humid soil,0.25,high top-down,2026-06-05T00:23:02.861186+00:00
e04d60a7-58f2-482e-a515-1bba49c4558e,completed,16,b76c4461-725a-4468-9631-e28b50b76f25,light turquoise shallow water with visible sandy bottom,f69fd602-1bcc-42a1-872b-95ee1b267015,"cold taiga floor with brown pine needles, frost, and lichen",0.25,high top-down,2026-06-05T00:23:00.031666+00:00
4136e542-4277-4709-92bc-3af7b6b5440a,completed,16,b76c4461-725a-4468-9631-e28b50b76f25,light turquoise shallow water with visible sandy bottom,b65f815c-33eb-467d-9440-53369e6649fa,wet dark brown swamp mud with murky water patches,0.25,high top-down,2026-06-05T00:22:57.362742+00:00
83497eec-7d10-4378-86b8-2d601e37e21f,completed,16,b76c4461-725a-4468-9631-e28b50b76f25,light turquoise shallow water with visible sandy bottom,a8aede8f-f06e-46be-8161-af9b7aa4160d,short windswept dry brown-green steppe grass,0.25,high top-down,2026-06-05T00:22:53.786531+00:00
466e5186-f171-4a74-a903-f52749f92c1b,completed,16,7fd08ff7-17c4-4139-a6fb-7d014acccca3,dry golden savanna grass with patches of red-brown earth,e14095c3-0980-4e7f-8093-44a656dac7b3,dark charred volcanic rock with glowing orange lava cracks,0.25,high top-down,2026-06-05T00:22:49.362906+00:00
e4ef1939-3a45-418c-b369-12025179f65d,completed,16,7fd08ff7-17c4-4139-a6fb-7d014acccca3,dry golden savanna grass with patches of red-brown earth,8b0f1193-c9b8-45c8-b1e5-4b8f8d134e84,lush tropical forest floor with broad leaves and dark humid soil,0.25,high top-down,2026-06-05T00:22:45.497623+00:00
955955e8-dce4-4d9d-ad8b-d15b5c855334,completed,16,7fd08ff7-17c4-4139-a6fb-7d014acccca3,dry golden savanna grass with patches of red-brown earth,f69fd602-1bcc-42a1-872b-95ee1b267015,"cold taiga floor with brown pine needles, frost, and lichen",0.25,high top-down,2026-06-05T00:22:40.836954+00:00
93682333-c2c7-41e5-bfa4-f084451744b3,completed,16,7fd08ff7-17c4-4139-a6fb-7d014acccca3,dry golden savanna grass with patches of red-brown earth,7ef8b363-bfc5-48e3-ab70-f4d12a5ac1f7,light turquoise shallow water with visible sandy bottom,0.25,high top-down,2026-06-05T00:22:38.345361+00:00
10c8e1a9-699d-4b96-adaa-424ab6a8b7ae,completed,16,7fd08ff7-17c4-4139-a6fb-7d014acccca3,dry golden savanna grass with patches of red-brown earth,625ca67b-3217-4a0a-824b-0dcf848051f4,frozen grey-brown tundra permafrost with sparse lichen,0.25,high top-down,2026-06-05T00:21:11.471700+00:00
63e5468d-5945-4e71-9407-7baad0a1e538,completed,16,7fd08ff7-17c4-4139-a6fb-7d014acccca3,dry golden savanna grass with patches of red-brown earth,b65f815c-33eb-467d-9440-53369e6649fa,wet dark brown swamp mud with murky water patches,0.25,high top-down,2026-06-05T00:21:02.094926+00:00
492e292d-4986-4a48-8f61-a2a77d81b1b3,completed,16,1439e310-3505-47d1-b32d-79fe9391870b,grey mountain rock with snow patches and exposed stone,f69fd602-1bcc-42a1-872b-95ee1b267015,"cold taiga floor with brown pine needles, frost, and lichen",0.0,high top-down,2026-06-05T00:20:52.001486+00:00
4ec401d2-a3dc-4ed9-8b81-68cbd1b88678,completed,16,818260d3-6de2-4db1-88f2-8839b44d22c9,flowing blue river water with gentle current lines,625ca67b-3217-4a0a-824b-0dcf848051f4,frozen grey-brown tundra permafrost with sparse lichen,0.25,high top-down,2026-06-05T00:20:51.600857+00:00
eb3b21e0-7588-4378-9389-f68e2d9a8fbb,completed,16,1439e310-3505-47d1-b32d-79fe9391870b,grey mountain rock with snow patches and exposed stone,b65f815c-33eb-467d-9440-53369e6649fa,wet dark brown swamp mud with murky water patches,0.0,high top-down,2026-06-05T00:20:46.435985+00:00
854633d0-9a56-4623-8910-0829919dcecb,completed,16,818260d3-6de2-4db1-88f2-8839b44d22c9,flowing blue river water with gentle current lines,8b0f1193-c9b8-45c8-b1e5-4b8f8d134e84,lush tropical forest floor with broad leaves and dark humid soil,0.25,high top-down,2026-06-05T00:20:45.069740+00:00
ee8ad44a-b055-4ec0-bbde-527eaea120ae,completed,16,1439e310-3505-47d1-b32d-79fe9391870b,grey mountain rock with snow patches and exposed stone,a8aede8f-f06e-46be-8161-af9b7aa4160d,short windswept dry brown-green steppe grass,0.0,high top-down,2026-06-05T00:20:44.221343+00:00
4a07edc4-db16-497f-b5af-294b6aa3dad3,completed,16,1439e310-3505-47d1-b32d-79fe9391870b,grey mountain rock with snow patches and exposed stone,7ef8b363-bfc5-48e3-ab70-f4d12a5ac1f7,light turquoise shallow water with visible sandy bottom,0.0,high top-down,2026-06-05T00:20:40.325053+00:00
5910b8f5-b677-4be9-bc53-263e3ccd8513,completed,16,1439e310-3505-47d1-b32d-79fe9391870b,grey mountain rock with snow patches and exposed stone,5e728d11-ba37-4935-9128-1760659a3ba9,dry golden savanna grass with patches of red-brown earth,0.0,high top-down,2026-06-05T00:20:37.952713+00:00
ab372ca8-a122-4014-ab27-6cde10f7bcef,completed,16,1439e310-3505-47d1-b32d-79fe9391870b,grey mountain rock with snow patches and exposed stone,0627c024-7bf6-4371-bd04-4232858c3269,flowing blue river water with gentle current lines,0.0,high top-down,2026-06-05T00:20:33.958485+00:00
bdea771a-1c24-489d-a456-beb729b37587,completed,16,1439e310-3505-47d1-b32d-79fe9391870b,grey mountain rock with snow patches and exposed stone,49f34c08-cee0-413b-b05b-5601812f198c,deep blue ocean water with gentle rolling wave ripples,0.0,high top-down,2026-06-05T00:20:31.534721+00:00
11077b53-c8ef-4527-858f-7432c821ddcc,completed,16,1439e310-3505-47d1-b32d-79fe9391870b,grey mountain rock with snow patches and exposed stone,8f7e34e1-a09f-4b05-8620-38b8a59d68a9,glowing purple-pink mystic enchanted ground with crystal fragments,0.0,high top-down,2026-06-05T00:20:28.653399+00:00
acb2aef9-ed5e-4603-afce-4e17bb7ca666,completed,16,3d09d189-81b3-4b62-9799-4827bb0495b5,lush green grass meadow with individual blades,e14095c3-0980-4e7f-8093-44a656dac7b3,dark charred volcanic rock with glowing orange lava cracks,0.0,high top-down,2026-06-05T00:20:27.398444+00:00
a49e58ef-d46a-49c9-96f1-b9229fe76311,completed,16,3d09d189-81b3-4b62-9799-4827bb0495b5,lush green grass meadow with individual blades,8b0f1193-c9b8-45c8-b1e5-4b8f8d134e84,lush tropical forest floor with broad leaves and dark humid soil,0.0,high top-down,2026-06-05T00:20:19.139233+00:00
67612a86-8e22-4aa1-8a57-e9294e725049,completed,16,3d09d189-81b3-4b62-9799-4827bb0495b5,lush green grass meadow with individual blades,b65f815c-33eb-467d-9440-53369e6649fa,wet dark brown swamp mud with murky water patches,0.0,high top-down,2026-06-05T00:20:15.370606+00:00
28b0d1e3-d22c-4669-abd4-4faf238919a7,completed,16,3d09d189-81b3-4b62-9799-4827bb0495b5,lush green grass meadow with individual blades,7ef8b363-bfc5-48e3-ab70-f4d12a5ac1f7,light turquoise shallow water with visible sandy bottom,0.0,high top-down,2026-06-05T00:20:11.621443+00:00
955741a9-42b6-4551-87d5-1656ba37f3a7,completed,16,3d09d189-81b3-4b62-9799-4827bb0495b5,lush green grass meadow with individual blades,0627c024-7bf6-4371-bd04-4232858c3269,flowing blue river water with gentle current lines,0.0,high top-down,2026-06-05T00:20:10.242339+00:00
d7b8a102-4421-4cc7-9235-cd33efeaca62,completed,16,3d09d189-81b3-4b62-9799-4827bb0495b5,lush green grass meadow with individual blades,49f34c08-cee0-413b-b05b-5601812f198c,deep blue ocean water with gentle rolling wave ripples,0.0,high top-down,2026-06-05T00:20:09.553752+00:00
1be59e89-7eeb-4d5f-82a6-c40c94404c02,completed,16,3d09d189-81b3-4b62-9799-4827bb0495b5,lush green grass meadow with individual blades,ec6cc367-df58-468d-8370-8e9b354ef050,calm still blue-green lake water with subtle reflections,0.0,high top-down,2026-06-05T00:20:05.422108+00:00
413282a6-4c22-445a-9723-063dc8c71e63,completed,16,818260d3-6de2-4db1-88f2-8839b44d22c9,flowing blue river water with gentle current lines,f69fd602-1bcc-42a1-872b-95ee1b267015,"cold taiga floor with brown pine needles, frost, and lichen",0.25,high top-down,2026-06-05T00:19:19.413855+00:00
c4889089-8ef7-431b-b2db-eabccfded22e,completed,16,818260d3-6de2-4db1-88f2-8839b44d22c9,flowing blue river water with gentle current lines,a8aede8f-f06e-46be-8161-af9b7aa4160d,short windswept dry brown-green steppe grass,0.25,high top-down,2026-06-05T00:19:16.620918+00:00
64b3e1e2-6c22-4846-8cab-e6b75b0c2555,completed,16,818260d3-6de2-4db1-88f2-8839b44d22c9,flowing blue river water with gentle current lines,7ef8b363-bfc5-48e3-ab70-f4d12a5ac1f7,light turquoise shallow water with visible sandy bottom,0.25,high top-down,2026-06-05T00:19:15.743229+00:00
6f952fad-8443-4489-afa4-8f030682f377,completed,16,818260d3-6de2-4db1-88f2-8839b44d22c9,flowing blue river water with gentle current lines,5e728d11-ba37-4935-9128-1760659a3ba9,dry golden savanna grass with patches of red-brown earth,0.25,high top-down,2026-06-05T00:19:10.607495+00:00
c3fe509f-d79e-4873-a6c7-eebf8cd9ac35,completed,16,1439e310-3505-47d1-b32d-79fe9391870b,grey mountain rock with snow patches and exposed stone,e14095c3-0980-4e7f-8093-44a656dac7b3,dark charred volcanic rock with glowing orange lava cracks,0.25,high top-down,2026-06-05T00:19:06.520705+00:00
58775aea-ddda-4571-84f4-cd4b1b635ed6,completed,16,1439e310-3505-47d1-b32d-79fe9391870b,grey mountain rock with snow patches and exposed stone,625ca67b-3217-4a0a-824b-0dcf848051f4,frozen grey-brown tundra permafrost with sparse lichen,0.25,high top-down,2026-06-05T00:19:02.602266+00:00
f2e388b8-1193-4279-920c-dfbd56b9a672,completed,16,1439e310-3505-47d1-b32d-79fe9391870b,grey mountain rock with snow patches and exposed stone,8b0f1193-c9b8-45c8-b1e5-4b8f8d134e84,lush tropical forest floor with broad leaves and dark humid soil,0.25,high top-down,2026-06-05T00:18:59.313234+00:00
fca810a3-fd32-4d58-9ed4-3d38ef1d8926,error_423,,,grey mountain rock with snow patches and exposed stone,,"cold taiga floor with brown pine needles, frost, and lichen",,,2026-06-05T00:18:54.688711+00:00
08e85bb0-bf47-45e4-83a1-3924596ed6fb,error_423,,,grey mountain rock with snow patches and exposed stone,,wet dark brown swamp mud with murky water patches,,,2026-06-05T00:18:50.826375+00:00
cfb9b9fa-a703-44fa-b652-d5376c3c6e01,error_423,,,grey mountain rock with snow patches and exposed stone,,short windswept dry brown-green steppe grass,,,2026-06-05T00:18:47.024107+00:00
39ad81b3-94be-438d-89d1-2098591af7b7,error_423,,,grey mountain rock with snow patches and exposed stone,,dry golden savanna grass with patches of red-brown earth,,,2026-06-05T00:18:44.200759+00:00
ebebdaac-5144-4246-88c4-a67cecfb76ba,error_423,,,calm still blue-green lake water with subtle reflections,,"cold taiga floor with brown pine needles, frost, and lichen",,,2026-06-05T00:17:16.473287+00:00
786bad81-313c-48b3-810d-b5072fbf5d22,error_423,,,calm still blue-green lake water with subtle reflections,,wet dark brown swamp mud with murky water patches,,,2026-06-05T00:17:12.580925+00:00
b46b8573-0b80-4fec-978c-a60cb9f9d3b4,error_423,,,calm still blue-green lake water with subtle reflections,,short windswept dry brown-green steppe grass,,,2026-06-05T00:17:08.647628+00:00
02bc2b69-4d65-4d13-9e50-d3f39ffb05f5,error_423,,,calm still blue-green lake water with subtle reflections,,light turquoise shallow water with visible sandy bottom,,,2026-06-05T00:17:04.782369+00:00
1af3d9f5-c481-44a2-ab54-e1ef65de2c3b,error_423,,,calm still blue-green lake water with subtle reflections,,dry golden savanna grass with patches of red-brown earth,,,2026-06-05T00:17:01.129098+00:00
e112463e-782f-46a0-80ac-7fcd5d4765ec,error_423,,,calm still blue-green lake water with subtle reflections,,flowing blue river water with gentle current lines,,,2026-06-05T00:16:57.629102+00:00
f09c6591-e133-4994-8ad0-a4976e849c8d,error_423,,,calm still blue-green lake water with subtle reflections,,deep blue ocean water with gentle rolling wave ripples,,,2026-06-05T00:16:53.605821+00:00
ff9949c1-eee4-4723-87ec-e831364e5d04,error_423,,,calm still blue-green lake water with subtle reflections,,glowing purple-pink mystic enchanted ground with crystal fragments,,,2026-06-05T00:16:51.344082+00:00
7d1afa9f-22cb-44bc-aea5-a95ceec55b55,error_423,,,calm still blue-green lake water with subtle reflections,,grey mountain rock with snow patches and exposed stone,,,2026-06-05T00:16:46.039703+00:00
85cdd71b-9214-4ff0-8296-d84d504d0633,error_423,,,glowing purple-pink mystic enchanted ground with crystal fragments,,"cold taiga floor with brown pine needles, frost, and lichen",,,2026-06-05T00:15:51.674739+00:00
e695430d-b4db-49ee-8c9d-cfaa278f2fc5,error_423,,,glowing purple-pink mystic enchanted ground with crystal fragments,,lush tropical forest floor with broad leaves and dark humid soil,,,2026-06-05T00:15:48.198455+00:00
e9f9ea5d-0a57-49bb-9c13-55765c7698ef,error_423,,,glowing purple-pink mystic enchanted ground with crystal fragments,,wet dark brown swamp mud with murky water patches,,,2026-06-05T00:15:45.403432+00:00
3861c5fb-0945-47ad-98e0-27d39a1d70cc,error_423,,,glowing purple-pink mystic enchanted ground with crystal fragments,,short windswept dry brown-green steppe grass,,,2026-06-05T00:15:42.756910+00:00
b30f51c8-cabd-4a00-b53e-dba13fba9105,error_423,,,glowing purple-pink mystic enchanted ground with crystal fragments,,light turquoise shallow water with visible sandy bottom,,,2026-06-05T00:15:39.089289+00:00
da87e43e-102f-466a-8cb6-bacc8ef9419c,error_423,,,glowing purple-pink mystic enchanted ground with crystal fragments,,dry golden savanna grass with patches of red-brown earth,,,2026-06-05T00:15:36.302397+00:00
21b5f44b-5665-4bd1-b0d0-2121f14a5949,error_423,,,glowing purple-pink mystic enchanted ground with crystal fragments,,flowing blue river water with gentle current lines,,,2026-06-05T00:15:31.138794+00:00
c27c3699-7511-43fa-90ce-2f8f2188f63d,error_423,,,glowing purple-pink mystic enchanted ground with crystal fragments,,deep blue ocean water with gentle rolling wave ripples,,,2026-06-05T00:15:27.498174+00:00
f106a127-d898-4b8e-8567-b4a0517adde5,error_423,,,deep blue ocean water with gentle rolling wave ripples,,wet dark brown swamp mud with murky water patches,,,2026-06-05T00:15:22.798525+00:00
c507837b-4204-4501-be2e-818028ff53e0,error_423,,,deep blue ocean water with gentle rolling wave ripples,,lush tropical forest floor with broad leaves and dark humid soil,,,2026-06-05T00:15:18.647943+00:00
cc9da593-9b41-460e-9986-86141cfc6a4b,error_423,,,calm still blue-green lake water with subtle reflections,,rocky hillside with scattered grey stones and sparse grass,,,2026-06-05T00:14:43.394719+00:00
2f3797fd-1b2e-4542-b778-b15520199e52,error_423,,,calm still blue-green lake water with subtle reflections,,lush green grass meadow with individual blades,,,2026-06-05T00:12:54.913547+00:00
bfe24598-c11f-4094-af63-0bc75ff64d99,error_423,,,calm still blue-green lake water with subtle reflections,,"dark forest floor with fallen brown leaves, moss, and roots",,,2026-06-05T00:12:50.850666+00:00
26b9afc3-c456-4dc4-9286-034b0b39134c,error_423,,,calm still blue-green lake water with subtle reflections,,arid desert sand with subtle wind ripple patterns,,,2026-06-05T00:12:46.797513+00:00
d4a33147-509d-4eef-9975-c38d94de6d6a,error_423,,,calm still blue-green lake water with subtle reflections,,very dark dense forest floor with thick leaf litter and deep moss,,,2026-06-05T00:12:42.976281+00:00
c93cff39-a8b9-4e52-849c-d2cea5e9b4b8,error_423,,,glowing purple-pink mystic enchanted ground with crystal fragments,,frozen grey-brown tundra permafrost with sparse lichen,,,2026-06-05T00:12:21.323378+00:00
61282570-d616-4328-84fd-0ad1bd341909,error_423,,,glowing purple-pink mystic enchanted ground with crystal fragments,,dark charred volcanic rock with glowing orange lava cracks,,,2026-06-05T00:12:18.988903+00:00
81b427c1-620c-44b1-8787-8a894a9bbe9e,error_423,,,deep blue ocean water with gentle rolling wave ripples,,flowing blue river water with gentle current lines,,,2026-06-05T00:12:14.664799+00:00
2a1b9493-e1eb-476c-ad38-2419d5d3c8db,error_423,,,deep blue ocean water with gentle rolling wave ripples,,dry golden savanna grass with patches of red-brown earth,,,2026-06-05T00:12:12.114587+00:00
e07294b0-74dc-4f4b-93b2-31d3f572a433,error_423,,,deep blue ocean water with gentle rolling wave ripples,,short windswept dry brown-green steppe grass,,,2026-06-05T00:12:08.389571+00:00
f1c3e868-e510-47d5-88b2-81de89fdd064,error_423,,,deep blue ocean water with gentle rolling wave ripples,,"cold taiga floor with brown pine needles, frost, and lichen",,,2026-06-05T00:11:59.813370+00:00
97bb475f-906e-499b-a67b-6544d7bbac40,error_423,,,deep blue ocean water with gentle rolling wave ripples,,frozen grey-brown tundra permafrost with sparse lichen,,,2026-06-05T00:11:51.322643+00:00
d780beff-4081-4c0f-83ed-2a7e62519760,error_423,,,deep blue ocean water with gentle rolling wave ripples,,dark charred volcanic rock with glowing orange lava cracks,,,2026-06-05T00:11:47.955415+00:00
947f10f6-9646-4b4a-a234-0306b685e809,error_423,,,calm still blue-green lake water with subtle reflections,,dark navy deep ocean water with slow deep wave patterns,,,2026-06-05T00:11:46.281724+00:00
5c17cfe4-aa95-46cc-84c4-8cb2e4bfd3db,error_423,,,calm still blue-green lake water with subtle reflections,,golden sandy beach with fine grain texture,,,2026-06-05T00:11:43.915633+00:00
bab5d96c-a622-4e1f-8eef-d0261104e382,error_423,,,calm still blue-green lake water with subtle reflections,,white snow and ice with subtle blue shadows,,,2026-06-05T00:11:41.963249+00:00
a9209102-a847-40d2-ab63-058550d23bdf,error_423,,,rocky hillside with scattered grey stones and sparse grass,,dark charred volcanic rock with glowing orange lava cracks,,,2026-06-05T00:11:35.412674+00:00
4bc84cf0-1d4c-495e-8fac-623606a8b523,error_423,,,rocky hillside with scattered grey stones and sparse grass,,frozen grey-brown tundra permafrost with sparse lichen,,,2026-06-05T00:11:32.506318+00:00
28dd3de4-677a-49e6-9785-6f9567a8b181,error_423,,,rocky hillside with scattered grey stones and sparse grass,,lush tropical forest floor with broad leaves and dark humid soil,,,2026-06-05T00:11:27.929346+00:00
cdb540b1-f422-42be-ac04-11bb4f118c23,error_423,,,rocky hillside with scattered grey stones and sparse grass,,"cold taiga floor with brown pine needles, frost, and lichen",,,2026-06-05T00:11:23.642425+00:00
96b44ef9-e311-4db4-b13a-91de4d9c13fc,error_423,,,rocky hillside with scattered grey stones and sparse grass,,wet dark brown swamp mud with murky water patches,,,2026-06-05T00:11:19.750492+00:00
01db0cb5-3f2d-4447-b913-0644422b5a98,error_423,,,rocky hillside with scattered grey stones and sparse grass,,short windswept dry brown-green steppe grass,,,2026-06-05T00:11:16.133248+00:00
7da10143-0a67-4312-8910-29ca222d40e3,error_423,,,rocky hillside with scattered grey stones and sparse grass,,light turquoise shallow water with visible sandy bottom,,,2026-06-05T00:11:11.915693+00:00
7c65d90e-4282-483d-9885-df24591dea93,error_423,,,rocky hillside with scattered grey stones and sparse grass,,dry golden savanna grass with patches of red-brown earth,,,2026-06-05T00:11:08.804912+00:00
f5e19537-80d7-4da7-a534-c0f47694783f,error_423,,,rocky hillside with scattered grey stones and sparse grass,,flowing blue river water with gentle current lines,,,2026-06-05T00:11:05.014672+00:00
4475d820-6fb7-490d-8e2f-00816d43adc4,error_423,,,rocky hillside with scattered grey stones and sparse grass,,deep blue ocean water with gentle rolling wave ripples,,,2026-06-05T00:11:00.993494+00:00
0fecf8c8-0722-4e55-8090-6819fc9ba18c,error_423,,,rocky hillside with scattered grey stones and sparse grass,,glowing purple-pink mystic enchanted ground with crystal fragments,,,2026-06-05T00:10:57.736144+00:00
945aea38-8832-452a-b3ab-ddca2f4ee4d3,error_423,,,rocky hillside with scattered grey stones and sparse grass,,grey mountain rock with snow patches and exposed stone,,,2026-06-05T00:10:52.289505+00:00
012388ae-5e89-42d2-9681-8b04963b4cc3,error_423,,,rocky hillside with scattered grey stones and sparse grass,,calm still blue-green lake water with subtle reflections,,,2026-06-05T00:10:48.987749+00:00
d520a257-ca91-46ff-bfee-52274544a593,error_423,,,rocky hillside with scattered grey stones and sparse grass,,arid desert sand with subtle wind ripple patterns,,,2026-06-05T00:10:48.063550+00:00
1d5dca06-bdca-4fb3-b233-05cd85d32c4b,error_423,,,rocky hillside with scattered grey stones and sparse grass,,very dark dense forest floor with thick leaf litter and deep moss,,,2026-06-05T00:10:40.940767+00:00
3730f6e4-8c4a-46b7-8eeb-2a38fd730bec,error_423,,,rocky hillside with scattered grey stones and sparse grass,,dark navy deep ocean water with slow deep wave patterns,,,2026-06-05T00:10:37.314496+00:00
e05d43b4-cd3b-4996-a5eb-bcd8ef9142e8,error_423,,,rocky hillside with scattered grey stones and sparse grass,,golden sandy beach with fine grain texture,,,2026-06-05T00:08:49.626457+00:00
8e253e1e-3b7d-4406-8e9d-9ef253041abb,error_423,,,rocky hillside with scattered grey stones and sparse grass,,white snow and ice with subtle blue shadows,,,2026-06-05T00:08:46.640288+00:00
c229de6f-7efa-4d2b-994f-640ed622274f,error_423,,,lush green grass meadow with individual blades,,dark charred volcanic rock with glowing orange lava cracks,,,2026-06-05T00:08:41.850631+00:00
d33f3849-1755-4134-959b-1aaad6ed6356,error_423,,,"dark forest floor with fallen brown leaves, moss, and roots",,dark charred volcanic rock with glowing orange lava cracks,,,2026-06-05T00:08:13.526928+00:00
2fb6e123-5b16-46dd-8ac2-594f24d515c8,error_423,,,"dark forest floor with fallen brown leaves, moss, and roots",,frozen grey-brown tundra permafrost with sparse lichen,,,2026-06-05T00:08:09.658337+00:00
68c430a0-e3a8-4115-b190-e3efcb05b88e,error_423,,,"dark forest floor with fallen brown leaves, moss, and roots",,short windswept dry brown-green steppe grass,,,2026-06-05T00:08:05.899259+00:00
e900394a-951e-4b92-b28c-43c89059453c,error_423,,,"dark forest floor with fallen brown leaves, moss, and roots",,light turquoise shallow water with visible sandy bottom,,,2026-06-05T00:08:01.556322+00:00
33daecca-eabf-4096-8670-a2b6a848d16b,error_423,,,"dark forest floor with fallen brown leaves, moss, and roots",,flowing blue river water with gentle current lines,,,2026-06-05T00:07:58.222594+00:00
903250b0-f861-44d9-b926-7f9132496549,error_423,,,lush green grass meadow with individual blades,,frozen grey-brown tundra permafrost with sparse lichen,,,2026-06-05T00:07:03.632271+00:00
37fe8df0-86be-4669-a317-8ef226bc34de,error_423,,,lush green grass meadow with individual blades,,lush tropical forest floor with broad leaves and dark humid soil,,,2026-06-05T00:06:59.948369+00:00
cb187ef2-2465-486f-ab7f-f9db4ff91bdd,error_423,,,lush green grass meadow with individual blades,,"cold taiga floor with brown pine needles, frost, and lichen",,,2026-06-05T00:06:55.691611+00:00
384764c9-282d-4250-afcd-e5999068fde2,error_423,,,lush green grass meadow with individual blades,,wet dark brown swamp mud with murky water patches,,,2026-06-05T00:06:52.219165+00:00
cdd2ae28-1bf5-4238-9d37-6b63c8d0b79d,error_423,,,lush green grass meadow with individual blades,,short windswept dry brown-green steppe grass,,,2026-06-05T00:06:48.150842+00:00
674c0280-931a-4664-aa09-078e6eea16a9,error_423,,,lush green grass meadow with individual blades,,light turquoise shallow water with visible sandy bottom,,,2026-06-05T00:06:44.929638+00:00
1ae5c4b7-a56c-48fb-a433-19c96150c929,error_423,,,"dark forest floor with fallen brown leaves, moss, and roots",,deep blue ocean water with gentle rolling wave ripples,,,2026-06-05T00:03:38.094445+00:00
c4e29e66-ae9e-4e1b-aef4-600bb7fb8949,error_423,,,lush green grass meadow with individual blades,,dry golden savanna grass with patches of red-brown earth,,,2026-06-05T00:03:35.601536+00:00
aed8b77a-1a0c-437a-8eb2-66e956cab289,error_423,,,"dark forest floor with fallen brown leaves, moss, and roots",,calm still blue-green lake water with subtle reflections,,,2026-06-05T00:03:34.098540+00:00
eefa9d3d-693f-403c-b58f-de5611c0933c,error_423,,,lush green grass meadow with individual blades,,flowing blue river water with gentle current lines,,,2026-06-05T00:03:32.136671+00:00
a3e7d93f-8837-4d30-b0d5-77f4918d382d,error_423,,,"dark forest floor with fallen brown leaves, moss, and roots",,lush green grass meadow with individual blades,,,2026-06-05T00:03:30.713484+00:00
d9868049-e734-446f-aad9-95159fff1737,error_423,,,lush green grass meadow with individual blades,,deep blue ocean water with gentle rolling wave ripples,,,2026-06-05T00:03:28.278774+00:00
656ee61c-5645-4c17-82cb-42df3cdd38d7,error_423,,,very dark dense forest floor with thick leaf litter and deep moss,,dark charred volcanic rock with glowing orange lava cracks,,,2026-06-05T00:03:25.882038+00:00
2aac0a13-3a66-4de1-80c4-9d292976a487,error_423,,,lush green grass meadow with individual blades,,glowing purple-pink mystic enchanted ground with crystal fragments,,,2026-06-05T00:03:24.308810+00:00
a573ee91-7cba-4c7a-8bf1-dcac45c82f48,error_423,,,very dark dense forest floor with thick leaf litter and deep moss,,frozen grey-brown tundra permafrost with sparse lichen,,,2026-06-05T00:03:21.468584+00:00
ea8369d9-31f1-408f-ba62-ca2bf40bed53,error_423,,,lush green grass meadow with individual blades,,grey mountain rock with snow patches and exposed stone,,,2026-06-05T00:03:20.023606+00:00
a5048ed5-a42b-4084-8351-c41aba7a5856,error_423,,,very dark dense forest floor with thick leaf litter and deep moss,,"cold taiga floor with brown pine needles, frost, and lichen",,,2026-06-05T00:03:17.790401+00:00
d0afa89a-1161-4266-9804-629f9d22d270,error_423,,,lush green grass meadow with individual blades,,calm still blue-green lake water with subtle reflections,,,2026-06-05T00:03:16.739324+00:00
67c389b9-7214-4897-9652-daf0e3a6a98f,error_423,,,very dark dense forest floor with thick leaf litter and deep moss,,dry golden savanna grass with patches of red-brown earth,,,2026-06-05T00:03:14.753222+00:00
eba83cfd-a3d0-4804-becc-12186744b356,error_423,,,lush green grass meadow with individual blades,,rocky hillside with scattered grey stones and sparse grass,,,2026-06-05T00:03:12.392702+00:00
c86be985-df17-4356-a070-702920120768,error_423,,,lush green grass meadow with individual blades,,"dark forest floor with fallen brown leaves, moss, and roots",,,2026-06-05T00:03:08.312353+00:00
f74d08a3-6081-403b-bd09-01e16faef113,error_423,,,lush green grass meadow with individual blades,,arid desert sand with subtle wind ripple patterns,,,2026-06-05T00:03:04.580681+00:00
16ef79f1-475b-44ea-b959-b9d31df85af4,error_423,,,lush green grass meadow with individual blades,,very dark dense forest floor with thick leaf litter and deep moss,,,2026-06-05T00:03:01.103814+00:00
6125fa9d-fd6c-47ca-b126-dd761a18c055,error_423,,,lush green grass meadow with individual blades,,dark navy deep ocean water with slow deep wave patterns,,,2026-06-05T00:02:57.596210+00:00
e171ca09-6876-46fa-8e22-a7bd2041b5e9,error_423,,,lush green grass meadow with individual blades,,golden sandy beach with fine grain texture,,,2026-06-05T00:02:53.268633+00:00
7321948c-227f-405d-87ee-8205cc7e94dd,error_423,,,lush green grass meadow with individual blades,,white snow and ice with subtle blue shadows,,,2026-06-05T00:02:50.374485+00:00
9028d305-056d-43fc-9e9d-4473b08474ab,error_423,,,"dark forest floor with fallen brown leaves, moss, and roots",,dark charred volcanic rock with glowing orange lava cracks,,,2026-06-05T00:00:59.827395+00:00
1610ab5b-34bb-4550-80fd-81266fa2a877,error_423,,,"dark forest floor with fallen brown leaves, moss, and roots",,frozen grey-brown tundra permafrost with sparse lichen,,,2026-06-05T00:00:55.676075+00:00
369d03d6-a0f6-43d8-aa33-b46d69643daa,error_423,,,"dark forest floor with fallen brown leaves, moss, and roots",,lush tropical forest floor with broad leaves and dark humid soil,,,2026-06-05T00:00:51.886561+00:00
3482e16a-902f-4ccb-a4ae-861f981cb015,error_423,,,"dark forest floor with fallen brown leaves, moss, and roots",,"cold taiga floor with brown pine needles, frost, and lichen",,,2026-06-05T00:00:47.684639+00:00
8134bebc-4622-4230-b025-e87c566c9459,error_423,,,"dark forest floor with fallen brown leaves, moss, and roots",,wet dark brown swamp mud with murky water patches,,,2026-06-05T00:00:43.475733+00:00
22ae5519-b752-49fb-8280-931227106731,error_423,,,"dark forest floor with fallen brown leaves, moss, and roots",,short windswept dry brown-green steppe grass,,,2026-06-05T00:00:40.021037+00:00
55b2a456-935d-4dc2-baf7-c5bd52fa7dc6,error_423,,,very dark dense forest floor with thick leaf litter and deep moss,,short windswept dry brown-green steppe grass,,,2026-06-04T23:59:43.890127+00:00
87eb1215-ba73-497d-a24c-2dd109aefa7b,error_423,,,very dark dense forest floor with thick leaf litter and deep moss,,rocky hillside with scattered grey stones and sparse grass,,,2026-06-04T23:59:37.065054+00:00
edb602cd-801e-469d-9f64-04f8707b6ca9,error_423,,,dark navy deep ocean water with slow deep wave patterns,,lush tropical forest floor with broad leaves and dark humid soil,,,2026-06-04T23:59:31.470426+00:00
1da0a2bc-c1bf-45b8-9f41-33f9cc27fb6d,error_423,,,dark navy deep ocean water with slow deep wave patterns,,wet dark brown swamp mud with murky water patches,,,2026-06-04T23:59:28.925819+00:00
7e7ee652-4490-431b-91b3-f79a46f693c7,error_423,,,flowing blue river water with gentle current lines,,frozen grey-brown tundra permafrost with sparse lichen,,,2026-06-04T23:59:24.957132+00:00
e6f6cf0b-c78a-4bc3-8306-74d026b777e4,error_423,,,"dark forest floor with fallen brown leaves, moss, and roots",,light turquoise shallow water with visible sandy bottom,,,2026-06-04T23:59:22.884800+00:00
7d1476de-b6be-4790-8d04-6de522f6a33f,error_423,,,arid desert sand with subtle wind ripple patterns,,frozen grey-brown tundra permafrost with sparse lichen,,,2026-06-04T23:59:20.712632+00:00
ad10940c-a059-429c-a7cf-207f367f3209,error_423,,,"dark forest floor with fallen brown leaves, moss, and roots",,dry golden savanna grass with patches of red-brown earth,,,2026-06-04T23:59:19.638577+00:00
234e93f9-27a3-4202-8cf8-fc408a73948b,error_423,,,arid desert sand with subtle wind ripple patterns,,lush tropical forest floor with broad leaves and dark humid soil,,,2026-06-04T23:59:16.756893+00:00
b6c61ccb-b978-4579-bded-d85166371706,error_423,,,"dark forest floor with fallen brown leaves, moss, and roots",,flowing blue river water with gentle current lines,,,2026-06-04T23:59:15.272185+00:00
dfbb35b1-649f-4c79-86f8-e27097d61c85,error_423,,,arid desert sand with subtle wind ripple patterns,,"cold taiga floor with brown pine needles, frost, and lichen",,,2026-06-04T23:59:13.001959+00:00
b25412a2-6512-4fa4-add4-a7cc4d947f07,error_423,,,"dark forest floor with fallen brown leaves, moss, and roots",,deep blue ocean water with gentle rolling wave ripples,,,2026-06-04T23:59:12.146950+00:00
436fb396-4af3-4d0c-b4b2-8e14c109c2f4,error_423,,,arid desert sand with subtle wind ripple patterns,,wet dark brown swamp mud with murky water patches,,,2026-06-04T23:59:09.663075+00:00
30f98746-5a39-4232-a07c-526b565bdc9f,error_423,,,"dark forest floor with fallen brown leaves, moss, and roots",,glowing purple-pink mystic enchanted ground with crystal fragments,,,2026-06-04T23:59:07.590199+00:00
a366dc77-34ae-4aed-8671-8cf067be4d42,error_423,,,"dark forest floor with fallen brown leaves, moss, and roots",,grey mountain rock with snow patches and exposed stone,,,2026-06-04T23:59:03.283907+00:00
1a5a7794-f08e-42f6-9e83-4471180b6f26,error_423,,,"dark forest floor with fallen brown leaves, moss, and roots",,calm still blue-green lake water with subtle reflections,,,2026-06-04T23:58:59.551642+00:00
7807fd52-596c-4adb-bf4d-92f58764cffb,error_423,,,"dark forest floor with fallen brown leaves, moss, and roots",,rocky hillside with scattered grey stones and sparse grass,,,2026-06-04T23:58:55.835511+00:00
9e0f5641-15d5-46ac-bdbb-ec26a899a137,error_423,,,"dark forest floor with fallen brown leaves, moss, and roots",,lush green grass meadow with individual blades,,,2026-06-04T23:58:52.015709+00:00
904cd3ed-c5a6-4740-9f58-559f76287792,error_423,,,"dark forest floor with fallen brown leaves, moss, and roots",,arid desert sand with subtle wind ripple patterns,,,2026-06-04T23:58:48.164226+00:00
9e093789-22d9-4018-8cfe-ead8514fe23d,error_423,,,"dark forest floor with fallen brown leaves, moss, and roots",,very dark dense forest floor with thick leaf litter and deep moss,,,2026-06-04T23:58:44.119489+00:00
ef668512-d1f7-47ed-95cf-dfc3b5962822,error_423,,,"dark forest floor with fallen brown leaves, moss, and roots",,dark navy deep ocean water with slow deep wave patterns,,,2026-06-04T23:58:40.486960+00:00
dc5b158c-eb96-463e-89d4-0862650a0e5f,error_423,,,"dark forest floor with fallen brown leaves, moss, and roots",,golden sandy beach with fine grain texture,,,2026-06-04T23:57:41.587700+00:00
9d5a3b13-20bc-4a34-8233-02a12fa26c2a,error_423,,,"dark forest floor with fallen brown leaves, moss, and roots",,white snow and ice with subtle blue shadows,,,2026-06-04T23:57:38.723197+00:00
0f0d7f7e-20fc-421f-b3fe-f87ff69935a0,error_423,,,arid desert sand with subtle wind ripple patterns,,dark charred volcanic rock with glowing orange lava cracks,,,2026-06-04T23:57:33.693660+00:00
080f3f48-18ae-4c19-8e99-82a772a4ccb8,error_423,,,arid desert sand with subtle wind ripple patterns,,frozen grey-brown tundra permafrost with sparse lichen,,,2026-06-04T23:57:29.262223+00:00
a76c042c-4533-49ce-8ed3-5d8f0c260401,error_423,,,arid desert sand with subtle wind ripple patterns,,lush tropical forest floor with broad leaves and dark humid soil,,,2026-06-04T23:57:25.573797+00:00
3da68a3e-a7e7-4801-8380-ad67336b347a,error_423,,,arid desert sand with subtle wind ripple patterns,,"cold taiga floor with brown pine needles, frost, and lichen",,,2026-06-04T23:57:21.223965+00:00
947b685a-de62-4b2a-a83c-de844e621349,error_423,,,arid desert sand with subtle wind ripple patterns,,wet dark brown swamp mud with murky water patches,,,2026-06-04T23:57:17.512072+00:00
88247e50-dbca-434a-bd67-722fd565dc32,error_423,,,arid desert sand with subtle wind ripple patterns,,short windswept dry brown-green steppe grass,,,2026-06-04T23:57:13.811788+00:00
78c9f400-ef51-45f5-b9b3-b7214cca4115,error_423,,,arid desert sand with subtle wind ripple patterns,,light turquoise shallow water with visible sandy bottom,,,2026-06-04T23:57:09.636530+00:00
25a33ae0-d195-44e2-9541-c74a807aeb50,error_423,,,arid desert sand with subtle wind ripple patterns,,dry golden savanna grass with patches of red-brown earth,,,2026-06-04T23:57:06.172527+00:00
663690d3-d57c-4ffd-bd6c-bce397412f80,error_423,,,arid desert sand with subtle wind ripple patterns,,flowing blue river water with gentle current lines,,,2026-06-04T23:57:01.945553+00:00
9235e4d6-e35b-48a2-84f5-028037fd3f1d,error_423,,,arid desert sand with subtle wind ripple patterns,,deep blue ocean water with gentle rolling wave ripples,,,2026-06-04T23:56:58.364312+00:00
6382c56b-550d-4cc2-8f86-4fa63beaf42e,error_423,,,arid desert sand with subtle wind ripple patterns,,glowing purple-pink mystic enchanted ground with crystal fragments,,,2026-06-04T23:56:54.195305+00:00
2a2a99e0-7021-4678-85e2-4ea08b74f2b2,error_423,,,arid desert sand with subtle wind ripple patterns,,grey mountain rock with snow patches and exposed stone,,,2026-06-04T23:56:50.070113+00:00
d2705c47-2ead-44d5-be09-8d8c5e20629c,error_423,,,arid desert sand with subtle wind ripple patterns,,calm still blue-green lake water with subtle reflections,,,2026-06-04T23:56:45.869702+00:00
d5fdd483-ed34-42cb-b61e-46751756cdd5,error_423,,,arid desert sand with subtle wind ripple patterns,,rocky hillside with scattered grey stones and sparse grass,,,2026-06-04T23:56:41.597502+00:00
a638256c-8445-4141-a984-b302a1d67994,error_423,,,arid desert sand with subtle wind ripple patterns,,lush green grass meadow with individual blades,,,2026-06-04T23:56:37.757544+00:00
1eeb2b53-529e-4243-865b-4a0de150e79c,error_423,,,arid desert sand with subtle wind ripple patterns,,"dark forest floor with fallen brown leaves, moss, and roots",,,2026-06-04T23:56:36.444350+00:00
0ab4c5fa-6250-4f9b-aaf3-c36fa8f7d018,error_423,,,arid desert sand with subtle wind ripple patterns,,dark navy deep ocean water with slow deep wave patterns,,,2026-06-04T23:55:22.526983+00:00
020a7a97-0d13-4741-84bf-be8aeb5f07c5,error_423,,,arid desert sand with subtle wind ripple patterns,,white snow and ice with subtle blue shadows,,,2026-06-04T23:55:14.956034+00:00
f5811095-a869-4cac-9c4e-6cb15ff99e59,error_423,,,arid desert sand with subtle wind ripple patterns,,short windswept dry brown-green steppe grass,,,2026-06-04T23:55:12.160794+00:00
8a907868-e2ed-429e-84ce-a39d71ca24a8,error_423,,,very dark dense forest floor with thick leaf litter and deep moss,,dark charred volcanic rock with glowing orange lava cracks,,,2026-06-04T23:55:09.676731+00:00
06bd8dd6-7230-47e5-a6df-426e8f2c33f6,error_423,,,arid desert sand with subtle wind ripple patterns,,light turquoise shallow water with visible sandy bottom,,,2026-06-04T23:55:07.858758+00:00
88b8ad65-c5a9-4cc2-9f91-26dca5cd0fe0,error_423,,,very dark dense forest floor with thick leaf litter and deep moss,,frozen grey-brown tundra permafrost with sparse lichen,,,2026-06-04T23:55:06.148678+00:00
e0128dbb-d307-4c1f-bf71-5fa4e29d81b3,error_423,,,arid desert sand with subtle wind ripple patterns,,flowing blue river water with gentle current lines,,,2026-06-04T23:55:04.258460+00:00
12c9ea2c-10fb-4db0-9b68-c9c43938d759,error_423,,,very dark dense forest floor with thick leaf litter and deep moss,,lush tropical forest floor with broad leaves and dark humid soil,,,2026-06-04T23:55:02.162265+00:00
725b7b7c-1881-4470-b27d-aa9386a1ad0a,error_423,,,arid desert sand with subtle wind ripple patterns,,deep blue ocean water with gentle rolling wave ripples,,,2026-06-04T23:55:00.403286+00:00
c2b554a0-4d76-4fd8-b52c-616a50184203,error_423,,,very dark dense forest floor with thick leaf litter and deep moss,,"cold taiga floor with brown pine needles, frost, and lichen",,,2026-06-04T23:54:57.515520+00:00
8a4f7f99-adaa-46f1-8a0b-02c8fbbb616d,error_423,,,arid desert sand with subtle wind ripple patterns,,glowing purple-pink mystic enchanted ground with crystal fragments,,,2026-06-04T23:54:56.608703+00:00
9289e5ba-325d-4c51-852a-01b1a282b25d,error_423,,,very dark dense forest floor with thick leaf litter and deep moss,,wet dark brown swamp mud with murky water patches,,,2026-06-04T23:54:53.661181+00:00
7e382fa6-b199-430a-a5a1-6487e4832f19,error_423,,,arid desert sand with subtle wind ripple patterns,,grey mountain rock with snow patches and exposed stone,,,2026-06-04T23:54:52.741189+00:00
a81f54cf-e21e-4690-8a34-65c095f1508d,error_423,,,very dark dense forest floor with thick leaf litter and deep moss,,short windswept dry brown-green steppe grass,,,2026-06-04T23:54:50.054828+00:00
13c8b235-b523-4032-aec2-c1b4441139c0,error_423,,,arid desert sand with subtle wind ripple patterns,,calm still blue-green lake water with subtle reflections,,,2026-06-04T23:54:48.450648+00:00
67acf41d-1388-406d-a323-554cfc793d26,error_423,,,very dark dense forest floor with thick leaf litter and deep moss,,light turquoise shallow water with visible sandy bottom,,,2026-06-04T23:54:46.219233+00:00
ffa95d5f-ac95-4305-9686-c00379cbacc0,error_423,,,arid desert sand with subtle wind ripple patterns,,lush green grass meadow with individual blades,,,2026-06-04T23:54:44.728788+00:00
78b9c252-0682-4153-ac2f-34e0a676306c,error_423,,,very dark dense forest floor with thick leaf litter and deep moss,,dry golden savanna grass with patches of red-brown earth,,,2026-06-04T23:54:42.824734+00:00
7b3436cd-d637-4c9b-89c4-2c3fa2b0bd25,error_423,,,arid desert sand with subtle wind ripple patterns,,"dark forest floor with fallen brown leaves, moss, and roots",,,2026-06-04T23:54:41.684959+00:00
914ede5f-2dbe-4252-958f-6ca534d3b1f6,error_423,,,very dark dense forest floor with thick leaf litter and deep moss,,flowing blue river water with gentle current lines,,,2026-06-04T23:53:33.922195+00:00
6504c7d4-3cf8-41a1-8254-5284c7e9de06,error_423,,,very dark dense forest floor with thick leaf litter and deep moss,,deep blue ocean water with gentle rolling wave ripples,,,2026-06-04T23:53:30.843023+00:00
914ede5f-2dbe-4252-958f-6ca534d3b1f6,error_423,,,very dark dense forest floor with thick leaf litter and deep moss,,flowing blue river water with gentle current lines,,,2026-06-04T23:53:33.922195+00:00
6504c7d4-3cf8-41a1-8254-5284c7e9de06,error_423,,,very dark dense forest floor with thick leaf litter and deep moss,,deep blue ocean water with gentle rolling wave ripples,,,2026-06-04T23:53:30.843023+00:00
c6ad83c5-1c37-41db-9025-9baaea4b6d9d,error_423,,,very dark dense forest floor with thick leaf litter and deep moss,,glowing purple-pink mystic enchanted ground with crystal fragments,,,2026-06-04T23:53:26.761100+00:00
ce395ade-44d6-42a3-a52e-c1194dc7af3c,error_423,,,very dark dense forest floor with thick leaf litter and deep moss,,grey mountain rock with snow patches and exposed stone,,,2026-06-04T23:53:22.318294+00:00
363cdfd5-1832-45a3-8a70-f9aa4479f6ed,error_423,,,very dark dense forest floor with thick leaf litter and deep moss,,calm still blue-green lake water with subtle reflections,,,2026-06-04T23:53:18.523415+00:00
99791b47-09bb-436e-8b74-e67e6d70d2af,error_423,,,very dark dense forest floor with thick leaf litter and deep moss,,rocky hillside with scattered grey stones and sparse grass,,,2026-06-04T23:53:14.953473+00:00
f7c385d0-82ae-44bc-b01f-ffe6d60c7f31,error_423,,,very dark dense forest floor with thick leaf litter and deep moss,,lush green grass meadow with individual blades,,,2026-06-04T23:53:10.679100+00:00
4424d015-e2b6-4d9b-8e42-0063493d324d,error_423,,,very dark dense forest floor with thick leaf litter and deep moss,,"dark forest floor with fallen brown leaves, moss, and roots",,,2026-06-04T23:53:07.696648+00:00
7f8c82ae-a6ce-49b3-a3a5-f35f74d2d403,error_423,,,very dark dense forest floor with thick leaf litter and deep moss,,arid desert sand with subtle wind ripple patterns,,,2026-06-04T23:53:03.680762+00:00
342ab1a5-949e-4e53-80c5-762a5178153e,error_423,,,very dark dense forest floor with thick leaf litter and deep moss,,dark navy deep ocean water with slow deep wave patterns,,,2026-06-04T23:53:02.662674+00:00
88d04c7a-5112-448e-859c-c7204cdad526,error_423,,,very dark dense forest floor with thick leaf litter and deep moss,,golden sandy beach with fine grain texture,,,2026-06-04T23:52:56.290211+00:00
d2555d1d-6c50-4ae5-911b-b4c54ea63c75,error_423,,,very dark dense forest floor with thick leaf litter and deep moss,,white snow and ice with subtle blue shadows,,,2026-06-04T23:52:53.245042+00:00
d6898a5c-eb36-4137-94a3-a83487d6365d,error_423,,,dark navy deep ocean water with slow deep wave patterns,,dark charred volcanic rock with glowing orange lava cracks,,,2026-06-04T23:52:47.290983+00:00
ce0056ce-7309-4428-b6c5-9fab6c4c2b11,error_423,,,dark navy deep ocean water with slow deep wave patterns,,frozen grey-brown tundra permafrost with sparse lichen,,,2026-06-04T23:52:43.219654+00:00
7e940c0e-6161-420e-a230-863d698cd7b9,error_423,,,dark navy deep ocean water with slow deep wave patterns,,wet dark brown swamp mud with murky water patches,,,2026-06-04T23:46:47.332650+00:00
20406fa9-95e1-41dc-89b6-ef06876fe293,error_423,,,dark navy deep ocean water with slow deep wave patterns,,short windswept dry brown-green steppe grass,,,2026-06-04T23:46:44.246591+00:00
884b43bc-fafe-4d8f-98fc-b46b496a145d,error_423,,,dark navy deep ocean water with slow deep wave patterns,,lush tropical forest floor with broad leaves and dark humid soil,,,2026-06-04T23:44:43.454706+00:00
4ebc25c6-c035-44ac-a9cf-dc336c95235e,error_423,,,dark navy deep ocean water with slow deep wave patterns,,"cold taiga floor with brown pine needles, frost, and lichen",,,2026-06-04T23:44:40.162407+00:00
0fd4e069-fb39-4260-a980-a5db0b88781b,error_423,,,dark navy deep ocean water with slow deep wave patterns,,light turquoise shallow water with visible sandy bottom,,,2026-06-04T23:40:57.878651+00:00
888caf91-e8eb-413d-b8d1-2dca4a4ce0b9,error_423,,,dark navy deep ocean water with slow deep wave patterns,,dry golden savanna grass with patches of red-brown earth,,,2026-06-04T23:40:54.041566+00:00
670e0531-f6fa-4260-8006-d9e9c14d83c5,error_423,,,dark navy deep ocean water with slow deep wave patterns,,flowing blue river water with gentle current lines,,,2026-06-04T23:40:49.711055+00:00
25d4121b-2a4c-4971-8139-21fd32e71728,error_423,,,dark navy deep ocean water with slow deep wave patterns,,deep blue ocean water with gentle rolling wave ripples,,,2026-06-04T23:40:45.809597+00:00
9860d95b-cfb9-42f8-9d19-d6029927a863,error_423,,,dark navy deep ocean water with slow deep wave patterns,,glowing purple-pink mystic enchanted ground with crystal fragments,,,2026-06-04T23:40:41.591075+00:00
aeaed55e-f183-4973-8700-d46caff10ba9,error_423,,,dark navy deep ocean water with slow deep wave patterns,,grey mountain rock with snow patches and exposed stone,,,2026-06-04T23:38:42.442653+00:00
696484ba-2f94-4c60-895b-b7a6e8f584e2,error_423,,,dark navy deep ocean water with slow deep wave patterns,,calm still blue-green lake water with subtle reflections,,,2026-06-04T23:37:07.920663+00:00
d084b584-bfb8-4eea-bd8e-f8df5f71b1c3,error_423,,,dark navy deep ocean water with slow deep wave patterns,,rocky hillside with scattered grey stones and sparse grass,,,2026-06-04T23:37:04.684465+00:00
e2f415ec-9994-435b-89c6-20df0c27ee29,error_423,,,dark navy deep ocean water with slow deep wave patterns,,lush green grass meadow with individual blades,,,2026-06-04T23:37:01.060536+00:00
2f7c3577-0f9d-4987-9e77-08fa3998a338,error_423,,,dark navy deep ocean water with slow deep wave patterns,,"dark forest floor with fallen brown leaves, moss, and roots",,,2026-06-04T23:36:56.752185+00:00
c4756b2d-8467-478a-a3f9-1ad43209b5d3,error_423,,,dark navy deep ocean water with slow deep wave patterns,,arid desert sand with subtle wind ripple patterns,,,2026-06-04T23:36:52.562921+00:00
6bd2cadf-a25e-470c-b605-744402ce2533,error_423,,,dark navy deep ocean water with slow deep wave patterns,,very dark dense forest floor with thick leaf litter and deep moss,,,2026-06-04T23:36:48.293111+00:00
d0114a19-3f3b-450a-92c5-7d0c337987a7,error_423,,,dark navy deep ocean water with slow deep wave patterns,,golden sandy beach with fine grain texture,,,2026-06-04T23:36:44.117927+00:00
1e7ce902-5d6a-4239-a585-d2ebe231f0fb,error_423,,,dark navy deep ocean water with slow deep wave patterns,,white snow and ice with subtle blue shadows,,,2026-06-04T23:36:41.048473+00:00
9473719a-1b7b-496d-bf69-23f2bd568143,error_423,,,golden sandy beach with fine grain texture,,dark charred volcanic rock with glowing orange lava cracks,,,2026-06-04T23:35:33.946244+00:00
780df58c-5475-4acb-91cf-5434e6806d37,error_423,,,golden sandy beach with fine grain texture,,frozen grey-brown tundra permafrost with sparse lichen,,,2026-06-04T23:35:30.434891+00:00
2a39f968-e271-46d8-b446-dddeb1a0d925,error_423,,,golden sandy beach with fine grain texture,,lush tropical forest floor with broad leaves and dark humid soil,,,2026-06-04T23:35:26.790346+00:00
688ee4e0-5e3c-43f7-b225-24561f8a7007,error_423,,,golden sandy beach with fine grain texture,,"cold taiga floor with brown pine needles, frost, and lichen",,,2026-06-04T23:35:22.381635+00:00
17221ce0-5592-4be6-b08d-e66197e1eea0,error_423,,,golden sandy beach with fine grain texture,,wet dark brown swamp mud with murky water patches,,,2026-06-04T23:35:18.638370+00:00
cc4aaff0-3b6b-4acd-a74c-88556ffff365,error_423,,,golden sandy beach with fine grain texture,,short windswept dry brown-green steppe grass,,,2026-06-04T23:35:14.989105+00:00
fd1892e1-1a4b-4f1a-a96c-42b2b46b39b7,error_423,,,golden sandy beach with fine grain texture,,light turquoise shallow water with visible sandy bottom,,,2026-06-04T23:35:10.643986+00:00
fa4a01f8-6273-4340-b7b7-2c6c79a025ab,error_423,,,golden sandy beach with fine grain texture,,dry golden savanna grass with patches of red-brown earth,,,2026-06-04T23:35:07.186522+00:00
7ab48502-df5b-4a09-ab19-372699dd2b57,error_423,,,golden sandy beach with fine grain texture,,flowing blue river water with gentle current lines,,,2026-06-04T23:35:03.837410+00:00
d2474833-be26-49f9-a8af-d579b2950d09,error_423,,,golden sandy beach with fine grain texture,,deep blue ocean water with gentle rolling wave ripples,,,2026-06-04T23:34:59.974819+00:00
277a08e9-6256-434f-861d-5a12683cf0fd,error_423,,,golden sandy beach with fine grain texture,,glowing purple-pink mystic enchanted ground with crystal fragments,,,2026-06-04T23:34:56.138408+00:00
3ae2805b-e31f-402f-be72-22569ffa6fe3,error_423,,,golden sandy beach with fine grain texture,,grey mountain rock with snow patches and exposed stone,,,2026-06-04T23:34:52.010769+00:00
24d9344a-b3fb-4a32-93f8-c05cd7a151ac,error_423,,,golden sandy beach with fine grain texture,,calm still blue-green lake water with subtle reflections,,,2026-06-04T23:34:48.135832+00:00
8d03380c-533d-47b1-9ac5-8bba3dbfdd22,error_423,,,golden sandy beach with fine grain texture,,rocky hillside with scattered grey stones and sparse grass,,,2026-06-04T23:34:44.876319+00:00
7e313c0b-c681-4975-97e2-a8353de51cd0,error_423,,,golden sandy beach with fine grain texture,,lush green grass meadow with individual blades,,,2026-06-04T23:33:25.619569+00:00
856e12be-227c-410b-9359-84294a7cd599,error_423,,,golden sandy beach with fine grain texture,,"dark forest floor with fallen brown leaves, moss, and roots",,,2026-06-04T23:33:22.690969+00:00
1e997f20-2d33-4eee-89ba-4d1d67e8d3e0,error_423,,,golden sandy beach with fine grain texture,,arid desert sand with subtle wind ripple patterns,,,2026-06-04T23:33:18.798960+00:00
eb8a0040-95d8-4760-be1b-ff891de50ff1,error_423,,,golden sandy beach with fine grain texture,,very dark dense forest floor with thick leaf litter and deep moss,,,2026-06-04T23:33:14.570038+00:00
eb8a0040-95d8-4760-be1b-ff891de50ff1,error_423,,,golden sandy beach with fine grain texture,,very dark dense forest floor with thick leaf litter and deep moss,,,2026-06-04T23:33:14.570038+00:00
6ab330d5-62b5-41c8-989c-6a134939e699,error_423,,,golden sandy beach with fine grain texture,,dark navy deep ocean water with slow deep wave patterns,,,2026-06-04T23:33:10.394847+00:00
50b9d001-6c0c-4d57-9c48-611202687830,error_423,,,golden sandy beach with fine grain texture,,white snow and ice with subtle blue shadows,,,2026-06-04T23:33:07.612617+00:00
d86ae737-01e4-4bec-be2b-e42fbba9f8b0,error_423,,,white snow and ice with subtle blue shadows,,dark charred volcanic rock with glowing orange lava cracks,,,2026-06-04T23:33:01.843785+00:00
96cd07eb-d8b6-42dd-b39a-9f10697f35a0,error_423,,,white snow and ice with subtle blue shadows,,frozen grey-brown tundra permafrost with sparse lichen,,,2026-06-04T23:32:20.136168+00:00
27e33dc3-a544-4527-a96f-d1c38684e703,error_423,,,white snow and ice with subtle blue shadows,,lush tropical forest floor with broad leaves and dark humid soil,,,2026-06-04T23:32:16.990817+00:00
a16ba030-9cfd-4ccf-bbb0-7331fe150509,error_423,,,white snow and ice with subtle blue shadows,,"cold taiga floor with brown pine needles, frost, and lichen",,,2026-06-04T23:32:13.339224+00:00
55a8c6e5-fa40-4e0e-8a50-3d53794f0f96,error_423,,,white snow and ice with subtle blue shadows,,wet dark brown swamp mud with murky water patches,,,2026-06-04T23:32:09.956377+00:00
e095705d-946f-448c-8599-825ffd243382,error_423,,,white snow and ice with subtle blue shadows,,short windswept dry brown-green steppe grass,,,2026-06-04T23:32:05.994950+00:00
90775166-9db1-4759-b036-d0ab0f385cbd,error_423,,,white snow and ice with subtle blue shadows,,light turquoise shallow water with visible sandy bottom,,,2026-06-04T23:32:02.436246+00:00
573a05b3-4b09-4374-aec6-d792a453b843,error_423,,,white snow and ice with subtle blue shadows,,dry golden savanna grass with patches of red-brown earth,,,2026-06-04T23:31:58.744795+00:00
23347297-6aed-4c8d-9554-4cbe50dc65c0,error_423,,,white snow and ice with subtle blue shadows,,flowing blue river water with gentle current lines,,,2026-06-04T23:31:54.453343+00:00
433a64b9-eec2-4c6c-8ce1-fd69bdd32307,error_423,,,white snow and ice with subtle blue shadows,,deep blue ocean water with gentle rolling wave ripples,,,2026-06-04T23:31:51.159030+00:00
4975f64d-9904-4c35-8b0d-5b540acafce7,error_423,,,white snow and ice with subtle blue shadows,,glowing purple-pink mystic enchanted ground with crystal fragments,,,2026-06-04T23:31:48.441997+00:00
3355f8c3-72e4-4c60-bce7-734bba88a2aa,error_423,,,white snow and ice with subtle blue shadows,,grey mountain rock with snow patches and exposed stone,,,2026-06-04T23:31:43.878502+00:00
9bd24436-b50b-4f58-9ff4-3ae8ea2085ef,error_423,,,white snow and ice with subtle blue shadows,,calm still blue-green lake water with subtle reflections,,,2026-06-04T23:31:39.824424+00:00
5f3968f7-3f5d-4656-b4a0-70775b2d903a,error_423,,,white snow and ice with subtle blue shadows,,rocky hillside with scattered grey stones and sparse grass,,,2026-06-04T23:31:35.988856+00:00
adaec843-b7ea-4521-8e9c-1a4b21322e18,error_423,,,white snow and ice with subtle blue shadows,,lush green grass meadow with individual blades,,,2026-06-04T23:31:32.916714+00:00
09875679-cef5-459e-b22c-16a610100ff6,error_423,,,white snow and ice with subtle blue shadows,,"dark forest floor with fallen brown leaves, moss, and roots",,,2026-06-04T23:31:28.959992+00:00
daef16cb-6dd9-4f46-b53d-228fbbaa4a9e,error_423,,,white snow and ice with subtle blue shadows,,arid desert sand with subtle wind ripple patterns,,,2026-06-04T23:31:24.921113+00:00
60c9594a-8665-43f1-a174-80b19efef816,error_423,,,white snow and ice with subtle blue shadows,,very dark dense forest floor with thick leaf litter and deep moss,,,2026-06-04T23:31:22.458717+00:00
5d0a3f31-6329-4952-adf9-a0a5a5bb2ea0,error_423,,,white snow and ice with subtle blue shadows,,dark navy deep ocean water with slow deep wave patterns,,,2026-06-04T23:31:17.122210+00:00
2bfa707a-9852-401e-8623-39572ab9e2b6,error_423,,,white snow and ice with subtle blue shadows,,golden sandy beach with fine grain texture,,,2026-06-04T23:31:12.955323+00:00
088059c3-cd09-47dc-af48-55c866fee87e,processing,,,flowing blue river water with gentle current lines,,frozen grey-brown tundra permafrost with sparse lichen,,,2026-06-04T23:29:28.901333+00:00
f7aa9bd7-d0f2-4b4b-94e4-2b5f7f401cc4,error_423,,,flowing blue river water with gentle current lines,,dark charred volcanic rock with glowing orange lava cracks,,,2026-06-04T23:29:25.791648+00:00
0ad87f00-ae95-4c5f-9cfb-bd626bb48e4f,error_423,,,arid desert sand with subtle wind ripple patterns,,flowing blue river water with gentle current lines,,,2026-06-04T23:29:02.154484+00:00
46bbaf2b-fe76-43c6-a3e4-db47c4661fe3,error_423,,,dry golden savanna grass with patches of red-brown earth,,lush tropical forest floor with broad leaves and dark humid soil,,,2026-06-04T23:28:58.040710+00:00
47361493-388f-47ac-a598-403a562a73c3,error_423,,,frozen grey-brown tundra permafrost with sparse lichen,,dark charred volcanic rock with glowing orange lava cracks,,,2026-06-04T23:28:53.469597+00:00
e741a04d-2e18-4cc7-88f6-ac8322f2b845,error_423,,,lush tropical forest floor with broad leaves and dark humid soil,,dark charred volcanic rock with glowing orange lava cracks,,,2026-06-04T23:28:49.203534+00:00
e7056190-2406-4d21-a87a-eb023c4bee37,error_423,,,lush tropical forest floor with broad leaves and dark humid soil,,frozen grey-brown tundra permafrost with sparse lichen,,,2026-06-04T23:28:46.688439+00:00
5391d019-7701-4fb0-8316-b042ca3e2599,error_423,,,"cold taiga floor with brown pine needles, frost, and lichen",,dark charred volcanic rock with glowing orange lava cracks,,,2026-06-04T23:28:45.791336+00:00
84e68661-2379-4fe2-b4e4-e84feb6c413a,error_423,,,"cold taiga floor with brown pine needles, frost, and lichen",,frozen grey-brown tundra permafrost with sparse lichen,,,2026-06-04T23:28:45.065692+00:00
661644b6-4f83-400b-89c8-392bbcfa2c11,error_423,,,"cold taiga floor with brown pine needles, frost, and lichen",,lush tropical forest floor with broad leaves and dark humid soil,,,2026-06-04T23:28:35.282557+00:00
25bdca53-1f6a-4859-8aaa-ff7b3b7e6c50,error_423,,,wet dark brown swamp mud with murky water patches,,dark charred volcanic rock with glowing orange lava cracks,,,2026-06-04T23:27:24.319390+00:00
81245718-c210-4df5-ae21-ab5fecce94a7,error_423,,,wet dark brown swamp mud with murky water patches,,frozen grey-brown tundra permafrost with sparse lichen,,,2026-06-04T23:27:22.166529+00:00
033130bf-fc16-4d81-9752-1bb1fd4756b2,error_423,,,wet dark brown swamp mud with murky water patches,,lush tropical forest floor with broad leaves and dark humid soil,,,2026-06-04T23:27:19.333570+00:00
31f44604-ad8c-43bf-862c-55577e996b1c,error_423,,,wet dark brown swamp mud with murky water patches,,"cold taiga floor with brown pine needles, frost, and lichen",,,2026-06-04T23:27:16.794133+00:00
de008db4-b4b7-46cb-a2ff-731d586ade54,error_423,,,short windswept dry brown-green steppe grass,,dark charred volcanic rock with glowing orange lava cracks,,,2026-06-04T23:27:12.716126+00:00
4c9dca7f-37ad-43ff-a35c-18fb5f9abf6f,error_423,,,short windswept dry brown-green steppe grass,,lush tropical forest floor with broad leaves and dark humid soil,,,2026-06-04T23:27:09.868746+00:00
64086d4e-b1a4-4782-9c29-e2c1e86fb371,error_423,,,short windswept dry brown-green steppe grass,,"cold taiga floor with brown pine needles, frost, and lichen",,,2026-06-04T23:27:07.684512+00:00
aae64824-4c10-4bc8-8a3d-06acbefc3a64,error_423,,,short windswept dry brown-green steppe grass,,wet dark brown swamp mud with murky water patches,,,2026-06-04T23:27:04.848542+00:00
e3af407a-647a-48ac-8466-0e0346e5595f,error_423,,,light turquoise shallow water with visible sandy bottom,,dark charred volcanic rock with glowing orange lava cracks,,,2026-06-04T23:27:00.895650+00:00
62c02313-a636-4fe1-b9ee-d5d94a93b916,error_423,,,light turquoise shallow water with visible sandy bottom,,frozen grey-brown tundra permafrost with sparse lichen,,,2026-06-04T23:26:58.461050+00:00
aeb993a0-0ebd-4095-83ee-cccb65bda1ee,error_423,,,light turquoise shallow water with visible sandy bottom,,lush tropical forest floor with broad leaves and dark humid soil,,,2026-06-04T23:26:52.973003+00:00
53b88b8e-d937-4ab4-9445-23eabd0d3a12,error_423,,,light turquoise shallow water with visible sandy bottom,,"cold taiga floor with brown pine needles, frost, and lichen",,,2026-06-04T23:26:48.758549+00:00
c556d2c0-126b-49f2-a81f-7063415288ce,error_423,,,light turquoise shallow water with visible sandy bottom,,wet dark brown swamp mud with murky water patches,,,2026-06-04T23:26:44.888582+00:00
85b56098-7f85-43d1-809a-e84b8fc5c47a,error_423,,,flowing blue river water with gentle current lines,,dry golden savanna grass with patches of red-brown earth,,,2026-06-04T23:25:56.482064+00:00
51f3bf80-baa5-49a1-a4e0-c8299c0572f6,error_423,,,flowing blue river water with gentle current lines,,light turquoise shallow water with visible sandy bottom,,,2026-06-04T23:25:52.981828+00:00
80d149a5-b9cd-4e19-a923-998d9dd93ac6,error_423,,,flowing blue river water with gentle current lines,,short windswept dry brown-green steppe grass,,,2026-06-04T23:25:50.003841+00:00
76f15fd1-2936-4bf6-8bc0-a15ed548f7f5,error_423,,,flowing blue river water with gentle current lines,,wet dark brown swamp mud with murky water patches,,,2026-06-04T23:25:48.007131+00:00
76f15fd1-2936-4bf6-8bc0-a15ed548f7f5,error_423,,,flowing blue river water with gentle current lines,,wet dark brown swamp mud with murky water patches,,,2026-06-04T23:25:48.007131+00:00
2a169810-62fc-4c57-9321-4796154ffc93,error_423,,,flowing blue river water with gentle current lines,,"cold taiga floor with brown pine needles, frost, and lichen",,,2026-06-04T23:25:44.878518+00:00
388bf19b-12d6-4fd6-ab4b-d9f131068078,error_423,,,flowing blue river water with gentle current lines,,lush tropical forest floor with broad leaves and dark humid soil,,,2026-06-04T23:25:41.164964+00:00
9bbeb6d3-573f-4d8b-ba90-dfd27c7f7a06,error_423,,,dry golden savanna grass with patches of red-brown earth,,light turquoise shallow water with visible sandy bottom,,,2026-06-04T23:25:31.675278+00:00
42042477-c19c-410e-aab7-b6d3322d1da6,error_423,,,dry golden savanna grass with patches of red-brown earth,,short windswept dry brown-green steppe grass,,,2026-06-04T23:25:28.655567+00:00
db72e4c0-8296-45a8-ba28-90f1aa5733c9,error_423,,,dry golden savanna grass with patches of red-brown earth,,"cold taiga floor with brown pine needles, frost, and lichen",,,2026-06-04T23:25:26.585967+00:00
624bc743-a48d-4a92-a945-c74b0d4d83c3,error_423,,,dry golden savanna grass with patches of red-brown earth,,lush tropical forest floor with broad leaves and dark humid soil,,,2026-06-04T23:25:25.080368+00:00
4e2e8c9a-f110-409f-b9ca-d7bd01ed30d7,error_423,,,dry golden savanna grass with patches of red-brown earth,,wet dark brown swamp mud with murky water patches,,,2026-06-04T23:25:23.487907+00:00
93244d8e-6560-4fac-b90a-e9aa0189bbca,error_423,,,dry golden savanna grass with patches of red-brown earth,,light turquoise shallow water with visible sandy bottom,,,2026-06-04T23:25:20.934323+00:00
7b97beb5-f3a8-48d0-8ab8-010e44de4f8d,error_423,,,dry golden savanna grass with patches of red-brown earth,,frozen grey-brown tundra permafrost with sparse lichen,,,2026-06-04T23:25:20.926487+00:00
a84a87f4-b812-46b0-964c-275ea48fb0f8,error_423,,,dry golden savanna grass with patches of red-brown earth,,dark charred volcanic rock with glowing orange lava cracks,,,2026-06-04T23:25:18.132639+00:00
dcf8cd23-f8fa-47c0-8611-c49838f29c8f,error_423,,,flowing blue river water with gentle current lines,,dark charred volcanic rock with glowing orange lava cracks,,,2026-06-04T23:25:17.130401+00:00
898769cf-1ba7-4042-827f-a5080756b727,error_423,,,flowing blue river water with gentle current lines,,frozen grey-brown tundra permafrost with sparse lichen,,,2026-06-04T23:25:14.941948+00:00
a5b923f1-b632-463d-804d-22067b89823a,error_423,,,light turquoise shallow water with visible sandy bottom,,short windswept dry brown-green steppe grass,,,2026-06-04T23:25:12.305798+00:00
709003b9-b360-470b-b066-b02e1ab558c9,error_423,,,flowing blue river water with gentle current lines,,lush tropical forest floor with broad leaves and dark humid soil,,,2026-06-04T23:25:12.005913+00:00
3c81823d-c043-4a62-b5bd-9ecf055128f4,error_423,,,light turquoise shallow water with visible sandy bottom,,wet dark brown swamp mud with murky water patches,,,2026-06-04T23:25:08.643982+00:00
68b461ab-b322-46f7-b112-45bb3184c1c2,error_423,,,flowing blue river water with gentle current lines,,"cold taiga floor with brown pine needles, frost, and lichen",,,2026-06-04T23:25:08.171794+00:00
939f454f-1350-4ffb-8cbe-a8208fabad08,error_423,,,flowing blue river water with gentle current lines,,short windswept dry brown-green steppe grass,,,2026-06-04T23:25:05.402797+00:00
80a9bb21-8b2f-4236-b2d7-d65c09a0c504,error_423,,,flowing blue river water with gentle current lines,,light turquoise shallow water with visible sandy bottom,,,2026-06-04T23:25:02.723271+00:00
11505b5b-d95f-42ee-b175-75d16244a0e4,error_423,,,flowing blue river water with gentle current lines,,dry golden savanna grass with patches of red-brown earth,,,2026-06-04T23:25:00.553484+00:00
cc03184c-26ca-44c6-ba6c-e2a834531cea,error_423,,,deep blue ocean water with gentle rolling wave ripples,,dark charred volcanic rock with glowing orange lava cracks,,,2026-06-04T23:24:55.072191+00:00
678b4bce-b3ce-4013-9e15-9ee123f969ee,error_423,,,deep blue ocean water with gentle rolling wave ripples,,frozen grey-brown tundra permafrost with sparse lichen,,,2026-06-04T23:24:51.485250+00:00
10da1ebd-6915-41d9-848a-486f16fd300d,error_423,,,deep blue ocean water with gentle rolling wave ripples,,"cold taiga floor with brown pine needles, frost, and lichen",,,2026-06-04T23:24:47.706698+00:00
67de4cbe-2ec5-4ab6-8183-bf2b3cbb0730,error_423,,,deep blue ocean water with gentle rolling wave ripples,,wet dark brown swamp mud with murky water patches,,,2026-06-04T23:24:43.853382+00:00
b7c9c002-8e14-4656-8ef7-5b1e8f87991b,error_423,,,deep blue ocean water with gentle rolling wave ripples,,short windswept dry brown-green steppe grass,,,2026-06-04T23:24:40.196769+00:00
706ee31c-c36b-4f02-bf69-a69ba29a68af,error_423,,,deep blue ocean water with gentle rolling wave ripples,,light turquoise shallow water with visible sandy bottom,,,2026-06-04T23:24:36.215377+00:00
43637c1d-48b5-4d24-b230-01a79e6e29cd,error_423,,,deep blue ocean water with gentle rolling wave ripples,,dry golden savanna grass with patches of red-brown earth,,,2026-06-04T23:23:23.589102+00:00
7451776f-9d12-4d4a-9698-057356548183,error_423,,,deep blue ocean water with gentle rolling wave ripples,,flowing blue river water with gentle current lines,,,2026-06-04T23:23:21.385955+00:00
0be95867-2e91-4855-97da-00310b29e2da,error_423,,,glowing purple-pink mystic enchanted ground with crystal fragments,,dark charred volcanic rock with glowing orange lava cracks,,,2026-06-04T23:23:17.422944+00:00
421f06c3-a70c-4e45-baaa-9af197b19480,error_423,,,glowing purple-pink mystic enchanted ground with crystal fragments,,frozen grey-brown tundra permafrost with sparse lichen,,,2026-06-04T23:23:14.521866+00:00
40f5e92b-ce51-40d1-9fe1-074e8a1e649f,error_423,,,glowing purple-pink mystic enchanted ground with crystal fragments,,"cold taiga floor with brown pine needles, frost, and lichen",,,2026-06-04T23:23:11.852204+00:00
e89418f3-b512-4472-bdca-e5abfd22d710,error_423,,,glowing purple-pink mystic enchanted ground with crystal fragments,,wet dark brown swamp mud with murky water patches,,,2026-06-04T23:23:07.998741+00:00
3d493fb8-2330-4f74-8c7f-1c04e2695c8a,error_423,,,glowing purple-pink mystic enchanted ground with crystal fragments,,short windswept dry brown-green steppe grass,,,2026-06-04T23:23:04.167667+00:00
0d5c27f6-05fa-46f6-84a6-824507de41ae,error_423,,,glowing purple-pink mystic enchanted ground with crystal fragments,,light turquoise shallow water with visible sandy bottom,,,2026-06-04T23:23:00.048837+00:00
3a557685-d273-439a-b60a-0744b202dcdb,error_423,,,glowing purple-pink mystic enchanted ground with crystal fragments,,dry golden savanna grass with patches of red-brown earth,,,2026-06-04T23:22:56.708256+00:00
0dc69fd7-6713-445e-a879-f6bccf27bd0b,error_423,,,glowing purple-pink mystic enchanted ground with crystal fragments,,flowing blue river water with gentle current lines,,,2026-06-04T23:22:52.455460+00:00
1920df1a-19fd-497f-be2c-d5d421c733a9,error_423,,,glowing purple-pink mystic enchanted ground with crystal fragments,,deep blue ocean water with gentle rolling wave ripples,,,2026-06-04T23:22:50.118274+00:00
fc8210be-3b7e-4b49-a1c7-efb470ce9fa8,error_423,,,grey mountain rock with snow patches and exposed stone,,dark charred volcanic rock with glowing orange lava cracks,,,2026-06-04T23:22:45.963780+00:00
7f74f6b8-53fd-414b-9f61-18d42547782a,error_423,,,grey mountain rock with snow patches and exposed stone,,frozen grey-brown tundra permafrost with sparse lichen,,,2026-06-04T23:22:41.616106+00:00
79b05c17-f348-4a30-b5ba-3aa6e7dddfca,error_423,,,grey mountain rock with snow patches and exposed stone,,flowing blue river water with gentle current lines,,,2026-06-04T23:22:38.439743+00:00
07f766d7-6a20-4578-b136-591bcbe06fcb,error_423,,,grey mountain rock with snow patches and exposed stone,,deep blue ocean water with gentle rolling wave ripples,,,2026-06-04T23:22:35.027341+00:00
fe728328-4ceb-4885-b597-363416103e05,error_423,,,grey mountain rock with snow patches and exposed stone,,lush tropical forest floor with broad leaves and dark humid soil,,,2026-06-04T23:21:45.987224+00:00
11b9f824-ed0f-468c-8921-a5ff2a2d2211,error_423,,,grey mountain rock with snow patches and exposed stone,,"cold taiga floor with brown pine needles, frost, and lichen",,,2026-06-04T23:21:43.484092+00:00
17e8b33c-a1e1-4281-b7f9-6c6b488183df,error_423,,,grey mountain rock with snow patches and exposed stone,,wet dark brown swamp mud with murky water patches,,,2026-06-04T23:21:41.087031+00:00
114af00c-8271-4050-8927-d74b28a41f96,error_423,,,dry golden savanna grass with patches of red-brown earth,,wet dark brown swamp mud with murky water patches,,,2026-06-04T23:21:36.877576+00:00
c8644d73-3009-487d-956c-e14aa6e87b96,error_423,,,grey mountain rock with snow patches and exposed stone,,light turquoise shallow water with visible sandy bottom,,,2026-06-04T23:21:35.464658+00:00
57ecc49c-2fa6-4868-8828-cfecc8d49e49,error_423,,,dry golden savanna grass with patches of red-brown earth,,"cold taiga floor with brown pine needles, frost, and lichen",,,2026-06-04T23:21:34.495138+00:00
4dbead8e-313e-4086-bb5c-2d49557b1643,error_423,,,grey mountain rock with snow patches and exposed stone,,glowing purple-pink mystic enchanted ground with crystal fragments,,,2026-06-04T23:21:25.526867+00:00
612e0fe8-21e4-46a5-be80-ab8501f4a438,error_423,,,light turquoise shallow water with visible sandy bottom,,"cold taiga floor with brown pine needles, frost, and lichen",,,2026-06-04T23:21:16.366117+00:00
8f504554-b3ba-486e-96cf-efe8424feaaf,error_423,,,light turquoise shallow water with visible sandy bottom,,lush tropical forest floor with broad leaves and dark humid soil,,,2026-06-04T23:21:13.582444+00:00
8f504554-b3ba-486e-96cf-efe8424feaaf,error_423,,,light turquoise shallow water with visible sandy bottom,,lush tropical forest floor with broad leaves and dark humid soil,,,2026-06-04T23:21:13.582444+00:00
d0294e6e-e7e3-4ec4-9777-8d7f68b681ba,error_423,,,calm still blue-green lake water with subtle reflections,,lush tropical forest floor with broad leaves and dark humid soil,,,2026-06-04T23:21:12.954791+00:00
6c373aee-8c7d-4fe1-895c-6b24c4f7eade,error_423,,,light turquoise shallow water with visible sandy bottom,,frozen grey-brown tundra permafrost with sparse lichen,,,2026-06-04T23:21:10.673429+00:00
f1eac693-a40f-48c3-9454-7914f8af3621,error_423,,,calm still blue-green lake water with subtle reflections,,"cold taiga floor with brown pine needles, frost, and lichen",,,2026-06-04T23:21:08.653648+00:00
f8b0263e-dd49-4133-be59-223d2016bef1,error_423,,,light turquoise shallow water with visible sandy bottom,,dark charred volcanic rock with glowing orange lava cracks,,,2026-06-04T23:21:08.079120+00:00
7a217aba-f84c-4ee3-af2f-fcd90e8b2218,error_423,,,calm still blue-green lake water with subtle reflections,,wet dark brown swamp mud with murky water patches,,,2026-06-04T23:21:04.771432+00:00
e0f00613-9048-4d76-a2eb-633064f1d5a8,error_423,,,short windswept dry brown-green steppe grass,,wet dark brown swamp mud with murky water patches,,,2026-06-04T23:21:04.286206+00:00
3ce17a88-d3ec-43eb-ab2a-5ff671fba344,error_423,,,short windswept dry brown-green steppe grass,,"cold taiga floor with brown pine needles, frost, and lichen",,,2026-06-04T23:21:01.324595+00:00
dcdbc8cc-148d-4373-8232-622535fdb2cc,error_423,,,calm still blue-green lake water with subtle reflections,,short windswept dry brown-green steppe grass,,,2026-06-04T23:21:01.252955+00:00
68910cc3-2b45-421e-8cda-e41409af90c5,error_423,,,short windswept dry brown-green steppe grass,,lush tropical forest floor with broad leaves and dark humid soil,,,2026-06-04T23:20:58.250342+00:00
7e43aca8-ad57-4f16-bc47-36263cb9e976,error_423,,,calm still blue-green lake water with subtle reflections,,light turquoise shallow water with visible sandy bottom,,,2026-06-04T23:20:57.658856+00:00
b1aebc2b-534d-4fce-b4ef-2d61eef33d22,error_423,,,short windswept dry brown-green steppe grass,,frozen grey-brown tundra permafrost with sparse lichen,,,2026-06-04T23:20:56.121726+00:00
11917bbd-8204-4e37-bcbd-38c244a48364,error_423,,,calm still blue-green lake water with subtle reflections,,dry golden savanna grass with patches of red-brown earth,,,2026-06-04T23:20:53.587957+00:00
40d25109-d200-4076-85f6-83f9e33f0584,error_423,,,short windswept dry brown-green steppe grass,,dark charred volcanic rock with glowing orange lava cracks,,,2026-06-04T23:20:51.781322+00:00
f69fcc94-06b9-47cd-8f07-61108d512a4c,error_423,,,calm still blue-green lake water with subtle reflections,,flowing blue river water with gentle current lines,,,2026-06-04T23:20:49.725626+00:00
43c17a6f-a347-4b97-ab63-617246d80d41,error_423,,,wet dark brown swamp mud with murky water patches,,"cold taiga floor with brown pine needles, frost, and lichen",,,2026-06-04T23:20:47.621378+00:00
4cd35dfc-18aa-4668-b19e-b1141e0c2d5c,error_423,,,calm still blue-green lake water with subtle reflections,,deep blue ocean water with gentle rolling wave ripples,,,2026-06-04T23:20:46.214460+00:00
7792f815-952d-488f-aed7-e63f53f923d2,error_423,,,wet dark brown swamp mud with murky water patches,,lush tropical forest floor with broad leaves and dark humid soil,,,2026-06-04T23:20:43.254267+00:00
9958ffda-31fc-4531-a419-0d52ec52cd7a,error_423,,,calm still blue-green lake water with subtle reflections,,glowing purple-pink mystic enchanted ground with crystal fragments,,,2026-06-04T23:20:42.659548+00:00
9d28beea-501e-457f-9fe4-b02d7ed9c5ed,error_423,,,calm still blue-green lake water with subtle reflections,,grey mountain rock with snow patches and exposed stone,,,2026-06-04T23:18:48.238318+00:00
7a1d1a08-8206-47cc-a88c-c90a834aa050,error_423,,,rocky hillside with scattered grey stones and sparse grass,,frozen grey-brown tundra permafrost with sparse lichen,,,2026-06-04T23:18:43.040275+00:00
83e6ddc2-ec43-4fb7-8337-b12c7ff17df1,error_423,,,rocky hillside with scattered grey stones and sparse grass,,lush tropical forest floor with broad leaves and dark humid soil,,,2026-06-04T23:18:41.033706+00:00
a05a5ddb-1f8d-4f7d-b6d8-49564c2d5e3b,error_423,,,rocky hillside with scattered grey stones and sparse grass,,dark charred volcanic rock with glowing orange lava cracks,,,2026-06-04T23:17:26.769552+00:00
950a9492-363e-4832-9efd-6da2fca2206b,error_423,,,rocky hillside with scattered grey stones and sparse grass,,wet dark brown swamp mud with murky water patches,,,2026-06-04T23:17:13.039097+00:00
59eaace0-4718-419e-ba6c-87264927b61d,error_423,,,wet dark brown swamp mud with murky water patches,,frozen grey-brown tundra permafrost with sparse lichen,,,2026-06-04T23:17:11.525952+00:00
3e94d07a-f81b-49ab-8e59-54f930c82a90,error_423,,,rocky hillside with scattered grey stones and sparse grass,,short windswept dry brown-green steppe grass,,,2026-06-04T23:17:09.188282+00:00
74829a77-3c7d-4d7f-9357-7c2ff569c6c7,error_423,,,wet dark brown swamp mud with murky water patches,,dark charred volcanic rock with glowing orange lava cracks,,,2026-06-04T23:17:08.951732+00:00
0ac503fb-0c99-488c-8fdc-7e1a3dcb037e,error_423,,,rocky hillside with scattered grey stones and sparse grass,,light turquoise shallow water with visible sandy bottom,,,2026-06-04T23:17:05.411213+00:00
e679b2ef-4790-4bed-aec7-8cc877a894f4,error_423,,,"cold taiga floor with brown pine needles, frost, and lichen",,lush tropical forest floor with broad leaves and dark humid soil,,,2026-06-04T23:17:04.570060+00:00
fb6e121b-1af6-40cc-8d67-5c5867a09356,error_423,,,rocky hillside with scattered grey stones and sparse grass,,dry golden savanna grass with patches of red-brown earth,,,2026-06-04T23:17:02.053913+00:00
dbdf8120-b07a-43ef-aeaf-c95512d11d0c,error_423,,,"cold taiga floor with brown pine needles, frost, and lichen",,frozen grey-brown tundra permafrost with sparse lichen,,,2026-06-04T23:17:00.514859+00:00
d85fa19a-f0eb-4d2c-94f1-17ec98f9d6a4,error_423,,,rocky hillside with scattered grey stones and sparse grass,,flowing blue river water with gentle current lines,,,2026-06-04T23:16:58.489242+00:00
5bf40a36-8df3-43ff-b7a6-bbc8349bce14,error_423,,,"cold taiga floor with brown pine needles, frost, and lichen",,dark charred volcanic rock with glowing orange lava cracks,,,2026-06-04T23:16:56.460607+00:00
750c017b-b85c-41b3-87d8-37bf66a8856a,error_423,,,rocky hillside with scattered grey stones and sparse grass,,deep blue ocean water with gentle rolling wave ripples,,,2026-06-04T23:16:54.650869+00:00
0608bae6-257a-44a0-8318-172c3921d2d0,error_423,,,rocky hillside with scattered grey stones and sparse grass,,glowing purple-pink mystic enchanted ground with crystal fragments,,,2026-06-04T23:16:50.749081+00:00
bfc70e64-9cd0-4a0e-b763-b10d825272f4,error_423,,,rocky hillside with scattered grey stones and sparse grass,,grey mountain rock with snow patches and exposed stone,,,2026-06-04T23:16:46.490916+00:00
b46fd754-4779-4647-90cc-51d0bcd30d52,error_423,,,rocky hillside with scattered grey stones and sparse grass,,calm still blue-green lake water with subtle reflections,,,2026-06-04T23:16:43.776590+00:00
1a675c6e-94b3-4a36-9c9e-97b90960beb5,error_423,,,lush green grass meadow with individual blades,,dark charred volcanic rock with glowing orange lava cracks,,,2026-06-04T23:16:37.652944+00:00
add05c54-150a-4e1f-b27e-2699d327ee52,error_423,,,lush green grass meadow with individual blades,,frozen grey-brown tundra permafrost with sparse lichen,,,2026-06-04T23:16:34.193369+00:00
96422f23-12c9-4414-90b1-7b3650b051c0,error_423,,,lush green grass meadow with individual blades,,lush tropical forest floor with broad leaves and dark humid soil,,,2026-06-04T23:15:04.559980+00:00
c0bd7111-ecb3-4c90-858c-732ba8188087,error_423,,,lush green grass meadow with individual blades,,"cold taiga floor with brown pine needles, frost, and lichen",,,2026-06-04T23:15:00.620589+00:00
2ebf6ddd-8035-4753-88ce-68e03e5799c6,error_423,,,lush green grass meadow with individual blades,,wet dark brown swamp mud with murky water patches,,,2026-06-04T23:14:57.034473+00:00
ced6ec80-7783-40dd-bab9-4900b12a7eba,error_423,,,lush green grass meadow with individual blades,,short windswept dry brown-green steppe grass,,,2026-06-04T23:14:53.145236+00:00
e29609db-9f6d-4ed0-bb14-b91604064f6f,error_423,,,lush green grass meadow with individual blades,,light turquoise shallow water with visible sandy bottom,,,2026-06-04T23:14:48.891395+00:00
9561e3bb-9383-482e-bef0-20653d9502ef,error_423,,,lush green grass meadow with individual blades,,dry golden savanna grass with patches of red-brown earth,,,2026-06-04T23:14:45.148912+00:00
c5526624-df02-4f89-917f-bf14f1ecfb80,error_423,,,lush green grass meadow with individual blades,,flowing blue river water with gentle current lines,,,2026-06-04T23:14:40.986468+00:00
bfa04501-afdb-4a56-af31-b7c6d257361d,error_423,,,lush green grass meadow with individual blades,,deep blue ocean water with gentle rolling wave ripples,,,2026-06-04T23:14:37.471018+00:00
d12bfaf2-d076-49bd-9f5f-ba5944e3ef76,error_423,,,lush green grass meadow with individual blades,,glowing purple-pink mystic enchanted ground with crystal fragments,,,2026-06-04T23:14:33.633589+00:00
b7c4e430-6492-4e11-b052-a314e9024a4e,error_423,,,lush tropical forest floor with broad leaves and dark humid soil,,frozen grey-brown tundra permafrost with sparse lichen,,,2026-06-04T23:14:25.362458+00:00
99be4c6b-b840-439f-9325-03c0a5d81487,error_423,,,lush tropical forest floor with broad leaves and dark humid soil,,dark charred volcanic rock with glowing orange lava cracks,,,2026-06-04T23:14:22.415394+00:00
068c904d-11a0-47a6-9570-9ce81d2cb753,error_423,,,frozen grey-brown tundra permafrost with sparse lichen,,dark charred volcanic rock with glowing orange lava cracks,,,2026-06-04T23:14:18.016083+00:00
62f5e758-b36d-42e9-b602-804667763064,error_423,,,lush green grass meadow with individual blades,,grey mountain rock with snow patches and exposed stone,,,2026-06-04T23:12:55.527378+00:00
a1875e99-e701-461c-bda4-40649893dce1,error_423,,,lush green grass meadow with individual blades,,calm still blue-green lake water with subtle reflections,,,2026-06-04T23:12:51.686591+00:00
77ab866b-ec5f-4da9-9b81-da205e88d1b7,error_423,,,lush green grass meadow with individual blades,,rocky hillside with scattered grey stones and sparse grass,,,2026-06-04T23:12:48.873237+00:00
9b6f3aa6-9251-4077-9d1a-92e97a3bec5d,error_423,,,"dark forest floor with fallen brown leaves, moss, and roots",,dark charred volcanic rock with glowing orange lava cracks,,,2026-06-04T23:12:42.583245+00:00
0276ab8b-fac6-4ada-9c1b-d4d4b39628e5,error_423,,,"dark forest floor with fallen brown leaves, moss, and roots",,frozen grey-brown tundra permafrost with sparse lichen,,,2026-06-04T23:12:38.469425+00:00
1cd153dd-3f42-4bca-8581-82b9f16786ce,error_423,,,"dark forest floor with fallen brown leaves, moss, and roots",,lush tropical forest floor with broad leaves and dark humid soil,,,2026-06-04T23:12:35.206964+00:00
4d1004fb-f2a3-4612-a86d-ad9d7add3bef,error_423,,,"dark forest floor with fallen brown leaves, moss, and roots",,"cold taiga floor with brown pine needles, frost, and lichen",,,2026-06-04T23:10:55.633688+00:00
7ed66e56-e41d-4073-86c6-7874380d225a,error_423,,,"dark forest floor with fallen brown leaves, moss, and roots",,wet dark brown swamp mud with murky water patches,,,2026-06-04T23:10:50.820849+00:00
999e1869-3f92-4594-bb59-e51623cff3ca,error_423,,,"dark forest floor with fallen brown leaves, moss, and roots",,short windswept dry brown-green steppe grass,,,2026-06-04T23:10:46.851811+00:00
d8369516-9918-4cf3-961c-d4439bd9fcbc,error_423,,,"dark forest floor with fallen brown leaves, moss, and roots",,light turquoise shallow water with visible sandy bottom,,,2026-06-04T23:10:42.470721+00:00
4ece3ba3-1a02-432b-a82a-d46532c5546e,error_423,,,"dark forest floor with fallen brown leaves, moss, and roots",,dry golden savanna grass with patches of red-brown earth,,,2026-06-04T23:10:38.903697+00:00
7166608a-ea76-40f3-96d8-4651a66db695,error_423,,,"dark forest floor with fallen brown leaves, moss, and roots",,flowing blue river water with gentle current lines,,,2026-06-04T23:10:34.651939+00:00
53019ea8-8686-4cec-939b-c496b8605411,error_423,,,"dark forest floor with fallen brown leaves, moss, and roots",,deep blue ocean water with gentle rolling wave ripples,,,2026-06-04T23:08:45.767062+00:00
809096b9-ddfe-45bd-b04a-9f2eb63df379,error_423,,,"dark forest floor with fallen brown leaves, moss, and roots",,glowing purple-pink mystic enchanted ground with crystal fragments,,,2026-06-04T23:08:42.466403+00:00
12bb45ba-d7e2-4fcf-b366-5fff70f344e7,error_423,,,"dark forest floor with fallen brown leaves, moss, and roots",,grey mountain rock with snow patches and exposed stone,,,2026-06-04T23:08:38.092553+00:00
a78d27cb-0e60-491f-af08-176e90dcf1a2,error_423,,,"dark forest floor with fallen brown leaves, moss, and roots",,calm still blue-green lake water with subtle reflections,,,2026-06-04T23:08:34.142417+00:00
3310da3b-bbea-4fb1-8973-50817fc3da8d,error_423,,,"dark forest floor with fallen brown leaves, moss, and roots",,rocky hillside with scattered grey stones and sparse grass,,,2026-06-04T23:07:13.224164+00:00
d163cb45-ad64-4abb-801c-7e3391f768c1,error_423,,,"dark forest floor with fallen brown leaves, moss, and roots",,lush green grass meadow with individual blades,,,2026-06-04T23:07:09.591746+00:00
2fb15a12-fd77-40af-ac84-8c6eadeaba31,error_423,,,arid desert sand with subtle wind ripple patterns,,dark charred volcanic rock with glowing orange lava cracks,,,2026-06-04T23:07:05.019371+00:00
a7cb88cd-ffd1-4cb4-8ea9-c804553d686e,error_423,,,arid desert sand with subtle wind ripple patterns,,frozen grey-brown tundra permafrost with sparse lichen,,,2026-06-04T23:07:00.593841+00:00
a2d768be-2515-41d0-9292-0aebfae28471,error_423,,,arid desert sand with subtle wind ripple patterns,,lush tropical forest floor with broad leaves and dark humid soil,,,2026-06-04T23:06:57.456642+00:00
f2f8a0d9-011a-4b96-a25a-59aa120598bb,error_423,,,arid desert sand with subtle wind ripple patterns,,"cold taiga floor with brown pine needles, frost, and lichen",,,2026-06-04T23:06:53.142626+00:00
59a2a21a-9d4e-4ef8-abcc-cbf851142dd6,error_423,,,arid desert sand with subtle wind ripple patterns,,wet dark brown swamp mud with murky water patches,,,2026-06-04T23:06:50.029581+00:00
6c3b275d-c47e-47d9-a7a0-ee5ce142f42b,error_423,,,arid desert sand with subtle wind ripple patterns,,short windswept dry brown-green steppe grass,,,2026-06-04T23:06:49.500121+00:00
63622eb8-79b5-4f49-888a-67971812a5cc,error_423,,,arid desert sand with subtle wind ripple patterns,,dry golden savanna grass with patches of red-brown earth,,,2026-06-04T23:06:48.948454+00:00
12e48be9-17b1-4621-b095-abcfdc3bdc0b,processing,,,arid desert sand with subtle wind ripple patterns,,flowing blue river water with gentle current lines,,,2026-06-04T23:02:43.989040+00:00
75357193-11e9-416b-bcf1-b3df7d949949,error_423,,,arid desert sand with subtle wind ripple patterns,,deep blue ocean water with gentle rolling wave ripples,,,2026-06-04T23:02:40.247800+00:00
380643ce-30ef-41ae-9cf4-d7d8383a2212,error_423,,,arid desert sand with subtle wind ripple patterns,,glowing purple-pink mystic enchanted ground with crystal fragments,,,2026-06-04T23:02:36.827808+00:00
9db73899-8350-4961-aefc-4c37b4221a7f,error_423,,,arid desert sand with subtle wind ripple patterns,,grey mountain rock with snow patches and exposed stone,,,2026-06-04T23:01:00.299586+00:00
2e0fc3f9-c448-442a-8bb3-29084cdfbf7a,error_423,,,arid desert sand with subtle wind ripple patterns,,calm still blue-green lake water with subtle reflections,,,2026-06-04T23:00:56.334014+00:00
153e8c29-a5c2-4a65-b0a3-c9fe5b94f0d6,error_423,,,arid desert sand with subtle wind ripple patterns,,rocky hillside with scattered grey stones and sparse grass,,,2026-06-04T23:00:52.020555+00:00
f42af307-b64a-4c4e-877f-778bfe95bc72,error_423,,,arid desert sand with subtle wind ripple patterns,,lush green grass meadow with individual blades,,,2026-06-04T23:00:48.194507+00:00
0c640653-bea8-4053-aa78-2e1b955a0a3f,error_423,,,arid desert sand with subtle wind ripple patterns,,"dark forest floor with fallen brown leaves, moss, and roots",,,2026-06-04T23:00:45.090180+00:00
97ef5b8c-3581-4615-b1ea-3cea73a5a356,error_423,,,dark navy deep ocean water with slow deep wave patterns,,lush green grass meadow with individual blades,,,2026-06-04T22:57:47.164182+00:00
6a2b576d-0d18-464d-ba6b-668f12166a43,error_423,,,dark navy deep ocean water with slow deep wave patterns,,"dark forest floor with fallen brown leaves, moss, and roots",,,2026-06-04T22:57:43.874098+00:00
77e2baf8-ab57-4b74-a1af-c0861591f485,error_423,,,very dark dense forest floor with thick leaf litter and deep moss,,dark charred volcanic rock with glowing orange lava cracks,,,2026-06-04T22:57:09.952911+00:00
dce215ab-3182-4736-a613-5e67c766113f,error_423,,,very dark dense forest floor with thick leaf litter and deep moss,,lush tropical forest floor with broad leaves and dark humid soil,,,2026-06-04T22:57:06.797845+00:00
0d8a6a07-358d-4402-a743-3ec5fa67a5fb,error_423,,,very dark dense forest floor with thick leaf litter and deep moss,,"cold taiga floor with brown pine needles, frost, and lichen",,,2026-06-04T22:57:02.778191+00:00
dd7242ae-3503-4b18-a45b-1392a02913a4,error_423,,,very dark dense forest floor with thick leaf litter and deep moss,,wet dark brown swamp mud with murky water patches,,,2026-06-04T22:56:57.776043+00:00
661af87c-2b1f-4387-b0a3-3b46e9916d14,error_423,,,very dark dense forest floor with thick leaf litter and deep moss,,short windswept dry brown-green steppe grass,,,2026-06-04T22:56:53.846045+00:00
f6c51ee8-392f-4d72-aa35-827ff81731ee,error_423,,,very dark dense forest floor with thick leaf litter and deep moss,,light turquoise shallow water with visible sandy bottom,,,2026-06-04T22:56:50.255465+00:00
e8b518db-282b-4196-ac95-d3743fdadb78,error_423,,,very dark dense forest floor with thick leaf litter and deep moss,,dry golden savanna grass with patches of red-brown earth,,,2026-06-04T22:56:46.471735+00:00
0d02228e-6c92-44b5-95e0-6c6014d83245,error_423,,,very dark dense forest floor with thick leaf litter and deep moss,,flowing blue river water with gentle current lines,,,2026-06-04T22:56:42.141705+00:00
95fb24cd-1197-468c-87ad-25eca545d48a,error_423,,,very dark dense forest floor with thick leaf litter and deep moss,,deep blue ocean water with gentle rolling wave ripples,,,2026-06-04T22:56:38.376183+00:00
f0b48275-263c-457c-86cd-97e5bb72eb74,error_423,,,very dark dense forest floor with thick leaf litter and deep moss,,glowing purple-pink mystic enchanted ground with crystal fragments,,,2026-06-04T22:56:34.479501+00:00
d9110ea0-a25b-4d6f-b55e-90508047b91d,error_423,,,very dark dense forest floor with thick leaf litter and deep moss,,grey mountain rock with snow patches and exposed stone,,,2026-06-04T22:55:09.854729+00:00
372aba69-41a3-47ca-9184-8ba60fb39d3d,error_423,,,very dark dense forest floor with thick leaf litter and deep moss,,calm still blue-green lake water with subtle reflections,,,2026-06-04T22:55:06.735790+00:00
1902104a-f897-4b66-a82d-7d1b9dff02a1,processing,,,very dark dense forest floor with thick leaf litter and deep moss,,rocky hillside with scattered grey stones and sparse grass,,,2026-06-04T22:55:02.634820+00:00
c9cfbdf0-4afe-4f35-9e67-c8954ff72cd7,error_423,,,very dark dense forest floor with thick leaf litter and deep moss,,lush green grass meadow with individual blades,,,2026-06-04T22:54:58.432341+00:00
1902104a-f897-4b66-a82d-7d1b9dff02a1,processing,,,very dark dense forest floor with thick leaf litter and deep moss,,rocky hillside with scattered grey stones and sparse grass,,,2026-06-04T22:55:02.634820+00:00
c9cfbdf0-4afe-4f35-9e67-c8954ff72cd7,error_423,,,very dark dense forest floor with thick leaf litter and deep moss,,lush green grass meadow with individual blades,,,2026-06-04T22:54:58.432341+00:00
4d8cdb05-6ea4-4eb0-b20b-cd6e9c75d73a,error_423,,,very dark dense forest floor with thick leaf litter and deep moss,,"dark forest floor with fallen brown leaves, moss, and roots",,,2026-06-04T22:54:55.830453+00:00
deedf452-3ef3-4b68-83f9-4ba6afbf45e9,error_423,,,very dark dense forest floor with thick leaf litter and deep moss,,arid desert sand with subtle wind ripple patterns,,,2026-06-04T22:54:51.534429+00:00
2cf6e2fb-fa55-469e-9c6e-d9c4911a7d4a,error_423,,,dark navy deep ocean water with slow deep wave patterns,,dark charred volcanic rock with glowing orange lava cracks,,,2026-06-04T22:54:45.549338+00:00
f94ff3b2-2e96-4a04-a0f9-f9273d6fd140,error_423,,,dark navy deep ocean water with slow deep wave patterns,,frozen grey-brown tundra permafrost with sparse lichen,,,2026-06-04T22:54:41.417983+00:00
4148e7f6-2672-44c9-a488-07722c6587f9,processing,,,dark navy deep ocean water with slow deep wave patterns,,lush tropical forest floor with broad leaves and dark humid soil,,,2026-06-04T22:54:38.535010+00:00
2d10c80e-f6d0-4f86-8e3e-c38ff997c93f,error_423,,,dark navy deep ocean water with slow deep wave patterns,,"cold taiga floor with brown pine needles, frost, and lichen",,,2026-06-04T22:54:34.443931+00:00
24de4dfb-e0d1-48ca-84cf-6ead3069b420,processing,,,dark navy deep ocean water with slow deep wave patterns,,wet dark brown swamp mud with murky water patches,,,2026-06-04T22:53:25.293634+00:00
cd726cd1-e5e9-4fef-aa1f-a4dbc6e2138b,error_423,,,dark navy deep ocean water with slow deep wave patterns,,short windswept dry brown-green steppe grass,,,2026-06-04T22:53:21.103652+00:00
3f0daab1-cdc8-4363-aecd-5d104f78443a,error_423,,,dark navy deep ocean water with slow deep wave patterns,,light turquoise shallow water with visible sandy bottom,,,2026-06-04T22:53:16.641703+00:00
b735c410-6c8c-4322-8767-cfb20e4fd508,error_423,,,dark navy deep ocean water with slow deep wave patterns,,dry golden savanna grass with patches of red-brown earth,,,2026-06-04T22:53:13.200362+00:00
d0043c03-9509-40bc-8c5c-df74dcce7936,error_423,,,dark navy deep ocean water with slow deep wave patterns,,flowing blue river water with gentle current lines,,,2026-06-04T22:53:09.160837+00:00
cec94a80-02ea-4dda-b115-8902a84590c6,error_423,,,dark navy deep ocean water with slow deep wave patterns,,deep blue ocean water with gentle rolling wave ripples,,,2026-06-04T22:53:05.324560+00:00
c1e1442d-575c-4a0a-9eed-43e652633c48,error_423,,,dark navy deep ocean water with slow deep wave patterns,,glowing purple-pink mystic enchanted ground with crystal fragments,,,2026-06-04T22:53:01.640230+00:00
6e60354c-ab14-46c1-9200-ea2ed53d846d,error_423,,,dark navy deep ocean water with slow deep wave patterns,,grey mountain rock with snow patches and exposed stone,,,2026-06-04T22:52:58.842970+00:00
ccfd4f09-526a-4b1a-9eb1-ea0b3c2ee202,error_423,,,dark navy deep ocean water with slow deep wave patterns,,calm still blue-green lake water with subtle reflections,,,2026-06-04T22:52:53.657642+00:00
d3bdce5e-05a0-41ab-9ebf-801ce84c6365,error_423,,,dark navy deep ocean water with slow deep wave patterns,,rocky hillside with scattered grey stones and sparse grass,,,2026-06-04T22:52:49.316435+00:00
d7f8829c-58d9-4a91-b5d4-cc2d5efbdf49,error_423,,,dark navy deep ocean water with slow deep wave patterns,,lush green grass meadow with individual blades,,,2026-06-04T22:52:45.618509+00:00
e8322fd2-05bb-44e6-8cfb-e77c01c6e84a,error_423,,,dark navy deep ocean water with slow deep wave patterns,,"dark forest floor with fallen brown leaves, moss, and roots",,,2026-06-04T22:52:42.646154+00:00
8eb378ee-79fd-4a16-b912-7e347a63ac50,error_423,,,dark navy deep ocean water with slow deep wave patterns,,arid desert sand with subtle wind ripple patterns,,,2026-06-04T22:50:56.872182+00:00
15253e91-afb1-42dd-b1bf-92730755a9b8,error_423,,,dark navy deep ocean water with slow deep wave patterns,,very dark dense forest floor with thick leaf litter and deep moss,,,2026-06-04T22:50:55.356316+00:00
4e0499d2-42e0-4207-83f6-e56623669e0c,error_423,,,golden sandy beach with fine grain texture,,lush tropical forest floor with broad leaves and dark humid soil,,,2026-06-04T22:50:47.743488+00:00
b29c950a-dd57-4435-a9b3-4eeb57df4a6a,error_423,,,golden sandy beach with fine grain texture,,"cold taiga floor with brown pine needles, frost, and lichen",,,2026-06-04T22:50:44.348239+00:00
dccc3c12-8fde-44e2-9300-dd67fb157858,error_423,,,golden sandy beach with fine grain texture,,wet dark brown swamp mud with murky water patches,,,2026-06-04T22:50:41.579696+00:00
090a5a17-d137-41d6-b273-8c0ac2cad09a,error_423,,,golden sandy beach with fine grain texture,,light turquoise shallow water with visible sandy bottom,,,2026-06-04T22:50:36.062665+00:00
b668b3d4-92e7-49f9-9736-a2ebac9abedd,error_423,,,golden sandy beach with fine grain texture,,dry golden savanna grass with patches of red-brown earth,,,2026-06-04T22:50:32.733195+00:00
4054f594-665d-4445-bba9-d64b249998d4,error_423,,,golden sandy beach with fine grain texture,,dark charred volcanic rock with glowing orange lava cracks,,,2026-06-04T22:49:36.037405+00:00
f0a4605c-6889-4688-9b42-88b78a23373e,error_423,,,golden sandy beach with fine grain texture,,frozen grey-brown tundra permafrost with sparse lichen,,,2026-06-04T22:49:32.848305+00:00
3c2bd585-3d35-4663-beb5-0c82ba3c6aee,error_423,,,golden sandy beach with fine grain texture,,short windswept dry brown-green steppe grass,,,2026-06-04T22:49:17.698241+00:00
137597ab-f787-4611-9991-c100dbd17b18,error_423,,,golden sandy beach with fine grain texture,,flowing blue river water with gentle current lines,,,2026-06-04T22:49:06.287810+00:00
c6fc8f17-c1d6-4142-9393-38b05d95e002,error_423,,,golden sandy beach with fine grain texture,,deep blue ocean water with gentle rolling wave ripples,,,2026-06-04T22:49:02.634078+00:00
abdf894e-d8ba-4f7f-ba69-0c8c72ca5635,error_423,,,golden sandy beach with fine grain texture,,dark charred volcanic rock with glowing orange lava cracks,,,2026-06-04T22:49:01.441884+00:00
601f4460-0fed-4d87-a83e-77e0db8c11fc,error_423,,,golden sandy beach with fine grain texture,,frozen grey-brown tundra permafrost with sparse lichen,,,2026-06-04T22:48:57.575450+00:00
75d51e6a-472e-4db9-a7d5-f10496989c04,error_423,,,golden sandy beach with fine grain texture,,lush tropical forest floor with broad leaves and dark humid soil,,,2026-06-04T22:48:54.315409+00:00
c90686de-2419-4da9-9cbf-59c3913a2044,error_423,,,golden sandy beach with fine grain texture,,"cold taiga floor with brown pine needles, frost, and lichen",,,2026-06-04T22:48:49.766723+00:00
4b670f6e-e0a2-4c22-b588-a8a05ca2f94d,error_423,,,golden sandy beach with fine grain texture,,glowing purple-pink mystic enchanted ground with crystal fragments,,,2026-06-04T22:48:48.784848+00:00
70f03369-30dd-4fad-adbb-23dc24fc4f64,error_423,,,golden sandy beach with fine grain texture,,wet dark brown swamp mud with murky water patches,,,2026-06-04T22:48:45.855796+00:00
30fcfc8e-fc2a-4fe5-b8e2-5e16413e89d7,error_423,,,golden sandy beach with fine grain texture,,grey mountain rock with snow patches and exposed stone,,,2026-06-04T22:48:44.728561+00:00
eacaf56b-e643-4f28-819a-4cd404230a3a,error_423,,,golden sandy beach with fine grain texture,,short windswept dry brown-green steppe grass,,,2026-06-04T22:48:42.091314+00:00
4c77a565-e68e-4308-b67a-808b4e911f3e,error_423,,,golden sandy beach with fine grain texture,,calm still blue-green lake water with subtle reflections,,,2026-06-04T22:48:40.954921+00:00
3f8a7e82-2f99-46f0-b843-bd01fe53046b,error_423,,,golden sandy beach with fine grain texture,,light turquoise shallow water with visible sandy bottom,,,2026-06-04T22:48:37.836381+00:00
13ccbf1b-ff39-4f1d-93d3-ec183b2b24ea,error_423,,,golden sandy beach with fine grain texture,,rocky hillside with scattered grey stones and sparse grass,,,2026-06-04T22:48:37.200859+00:00
751a560c-adee-4e43-a5f0-1c052265b4ee,error_423,,,golden sandy beach with fine grain texture,,dry golden savanna grass with patches of red-brown earth,,,2026-06-04T22:48:34.654289+00:00
f7b085e3-022a-4540-94e5-0bfa3fb634a0,error_423,,,golden sandy beach with fine grain texture,,lush green grass meadow with individual blades,,,2026-06-04T22:48:33.325841+00:00
352b6c35-29ef-4e6b-b60a-40753f6681f8,error_423,,,golden sandy beach with fine grain texture,,flowing blue river water with gentle current lines,,,2026-06-04T22:48:32.329972+00:00
da19b6f5-eb19-4aee-9902-73b2bc37b4fe,error_423,,,golden sandy beach with fine grain texture,,deep blue ocean water with gentle rolling wave ripples,,,2026-06-04T22:48:27.017839+00:00
9a4ae33b-2aaa-465f-bce2-104d1a2407e8,error_423,,,golden sandy beach with fine grain texture,,glowing purple-pink mystic enchanted ground with crystal fragments,,,2026-06-04T22:48:23.466671+00:00
825dca73-fcb7-49ce-b9b8-afeb27435d4c,error_423,,,golden sandy beach with fine grain texture,,grey mountain rock with snow patches and exposed stone,,,2026-06-04T22:48:18.951489+00:00
0d4094ce-4d81-4109-92c3-02b0a1621ea4,error_423,,,golden sandy beach with fine grain texture,,calm still blue-green lake water with subtle reflections,,,2026-06-04T22:48:15.225951+00:00
761a0e9b-f777-47fd-ae5c-0a2d8fed4f79,error_423,,,golden sandy beach with fine grain texture,,rocky hillside with scattered grey stones and sparse grass,,,2026-06-04T22:48:11.558317+00:00
5fd1dcf3-6a67-4bad-856e-5ec8ab35ba10,error_423,,,golden sandy beach with fine grain texture,,lush green grass meadow with individual blades,,,2026-06-04T22:48:08.114503+00:00
cbda8167-a976-449b-938e-a6b8a3d1c973,error_423,,,golden sandy beach with fine grain texture,,"dark forest floor with fallen brown leaves, moss, and roots",,,2026-06-04T22:43:52.152586+00:00
f655af4c-3655-48a4-8272-0084cca043c6,error_423,,,golden sandy beach with fine grain texture,,arid desert sand with subtle wind ripple patterns,,,2026-06-04T22:43:49.798172+00:00
74d70f29-65a8-4698-8928-a9058efc689c,error_423,,,golden sandy beach with fine grain texture,,very dark dense forest floor with thick leaf litter and deep moss,,,2026-06-04T22:43:45.517876+00:00
fd2fed16-9a17-47a5-a5cc-436cb17fae47,error_423,,,golden sandy beach with fine grain texture,,dark navy deep ocean water with slow deep wave patterns,,,2026-06-04T22:43:42.048428+00:00
5b25faaa-b805-4b5e-a5a3-0b03b95b1b02,error_423,,,white snow and ice with subtle blue shadows,,dark charred volcanic rock with glowing orange lava cracks,,,2026-06-04T22:43:36.614346+00:00
15a57943-d5db-4dc4-b3bc-619702c4b15f,error_423,,,white snow and ice with subtle blue shadows,,frozen grey-brown tundra permafrost with sparse lichen,,,2026-06-04T22:43:32.685074+00:00
cbb02018-b14d-4fb6-aa83-3928f5719890,error_423,,,white snow and ice with subtle blue shadows,,lush tropical forest floor with broad leaves and dark humid soil,,,2026-06-04T22:43:29.397898+00:00
3091b2c5-f58e-484e-bc4b-ccda671ae8a5,error_423,,,white snow and ice with subtle blue shadows,,"cold taiga floor with brown pine needles, frost, and lichen",,,2026-06-04T22:43:24.685807+00:00
42039d76-93ae-4aff-9580-4b06e58d168e,error_423,,,white snow and ice with subtle blue shadows,,wet dark brown swamp mud with murky water patches,,,2026-06-04T22:43:20.541485+00:00
8b417f79-8cc5-4fab-938d-19e688429faa,error_423,,,white snow and ice with subtle blue shadows,,short windswept dry brown-green steppe grass,,,2026-06-04T22:43:16.777142+00:00
42616688-57c2-4472-9561-6077f7d134eb,error_423,,,white snow and ice with subtle blue shadows,,light turquoise shallow water with visible sandy bottom,,,2026-06-04T22:43:13.077717+00:00
02722562-96e6-4c33-a920-6f99ca9fe1c7,error_423,,,white snow and ice with subtle blue shadows,,dry golden savanna grass with patches of red-brown earth,,,2026-06-04T22:43:08.822439+00:00
cc7f9f55-7510-4e1c-9f49-018e60f0e848,error_423,,,white snow and ice with subtle blue shadows,,flowing blue river water with gentle current lines,,,2026-06-04T22:43:05.298418+00:00
b304b9bf-5e9d-4717-b2ad-41ec007c6181,error_423,,,white snow and ice with subtle blue shadows,,deep blue ocean water with gentle rolling wave ripples,,,2026-06-04T22:43:02.043166+00:00
31f53e18-c14a-4277-adb9-e506dd72c690,error_423,,,white snow and ice with subtle blue shadows,,glowing purple-pink mystic enchanted ground with crystal fragments,,,2026-06-04T22:42:58.024960+00:00
88e002ad-bcb0-4154-bfc5-ce055f8bd5e2,error_423,,,white snow and ice with subtle blue shadows,,grey mountain rock with snow patches and exposed stone,,,2026-06-04T22:42:53.529278+00:00
d626c94d-de90-4053-9f3f-5fb7c1b90b2b,error_423,,,white snow and ice with subtle blue shadows,,calm still blue-green lake water with subtle reflections,,,2026-06-04T22:42:49.824510+00:00
fcbcb180-3c66-4634-ae64-53d284e7138c,error_423,,,white snow and ice with subtle blue shadows,,rocky hillside with scattered grey stones and sparse grass,,,2026-06-04T22:42:46.004186+00:00
e5fa7998-2d79-430a-8b52-abdbeaa671e0,error_423,,,white snow and ice with subtle blue shadows,,lush green grass meadow with individual blades,,,2026-06-04T22:42:41.938507+00:00
a8abc059-c405-455a-b447-a8e737906c46,error_423,,,white snow and ice with subtle blue shadows,,"dark forest floor with fallen brown leaves, moss, and roots",,,2026-06-04T22:42:38.725574+00:00
bc3faade-a9a7-47c6-987e-808afd7aafcf,error_423,,,white snow and ice with subtle blue shadows,,arid desert sand with subtle wind ripple patterns,,,2026-06-04T22:39:28.440756+00:00
3111acfa-8f13-42fd-849c-1863213bac6a,error_423,,,white snow and ice with subtle blue shadows,,very dark dense forest floor with thick leaf litter and deep moss,,,2026-06-04T22:39:27.372290+00:00
944d1757-bc3b-4608-908e-1a3c1e4e0b22,error_423,,,white snow and ice with subtle blue shadows,,dark navy deep ocean water with slow deep wave patterns,,,2026-06-04T22:39:25.470312+00:00
735278fd-1161-4c61-8d29-4c19841376ed,error_423,,,white snow and ice with subtle blue shadows,,golden sandy beach with fine grain texture,,,2026-06-04T22:39:24.852635+00:00
160d9a82-cb5b-4a84-8b04-9ce93b39540c,error_423,,,flowing blue river water with gentle current lines and white foam highlights,,flowing blue river water with gentle current lines and white foam highlights,,,2026-06-04T22:38:03.352552+00:00
89c98c89-7d65-458b-8774-fc6c2a85e390,error_423,,,calm still blue-green lake water with subtle reflections,,calm still blue-green lake water with subtle reflections,,,2026-06-04T22:26:19.347193+00:00
3bcc59a8-5d49-47e3-a4c5-3c30ab8e05d3,error_423,,,light turquoise shallow water with visible sandy bottom and gentle ripples,,light turquoise shallow water with visible sandy bottom and gentle ripples,,,2026-06-04T22:26:17.058120+00:00
fbfa2b84-1701-4cad-a7c1-4d7f19321626,error_423,,,dark navy deep ocean water with slow deep wave patterns,,dark navy deep ocean water with slow deep wave patterns,,,2026-06-04T22:26:15.091960+00:00
3c128273-702d-47a9-8767-cca9e526a505,error_423,,,deep blue ocean water with gentle rolling wave ripples,,deep blue ocean water with gentle rolling wave ripples,,,2026-06-04T22:26:13.190812+00:00
04783bcb-5ea6-4471-9ebd-6d39610389a3,error_423,,,glowing purple-pink mystic enchanted ground with faint crystal fragments and magical particles,,glowing purple-pink mystic enchanted ground with faint crystal fragments and magical particles,,,2026-06-04T22:26:11.349474+00:00
fb29e778-29b8-46d1-96a0-5f8e5e5b5b96,error_423,,,dark charred volcanic rock with glowing orange lava cracks and ash,,dark charred volcanic rock with glowing orange lava cracks and ash,,,2026-06-04T22:26:09.777875+00:00
4d560eb1-9d95-4d6f-afa2-27c99e3612a9,error_423,,,"grey mountain rock with snow patches, exposed stone faces, and gravel",,"grey mountain rock with snow patches, exposed stone faces, and gravel",,,2026-06-04T22:26:07.520923+00:00
59afdcb2-9acc-4589-bd19-f4dc401f5a5a,error_423,,,rocky hillside ground with scattered grey stones and sparse tough yellow-green grass,,rocky hillside ground with scattered grey stones and sparse tough yellow-green grass,,,2026-06-04T22:26:05.274235+00:00
e9bf313e-bc01-4ee3-a02b-dbcbd0caad99,error_423,,,white snow and ice with subtle blue shadows and wind-swept drifts,,white snow and ice with subtle blue shadows and wind-swept drifts,,,2026-06-04T22:26:03.264184+00:00
72d417d4-d110-49a6-b6f5-b9b03e38c880,error_423,,,frozen grey-brown tundra permafrost with sparse pale lichen and ice crystals,,frozen grey-brown tundra permafrost with sparse pale lichen and ice crystals,,,2026-06-04T22:26:00.959397+00:00
534de295-410a-458c-9881-d8141c209de9,error_423,,,wet dark brown swamp mud with murky green water patches and decaying peat,,wet dark brown swamp mud with murky green water patches and decaying peat,,,2026-06-04T22:25:59.074436+00:00
53bcfb4d-cbf7-430c-a5b3-be8cd2f8a216,error_423,,,short windswept dry brown-green steppe grass with hard packed pale earth,,short windswept dry brown-green steppe grass with hard packed pale earth,,,2026-06-04T22:25:57.186680+00:00
318f8c7a-199d-40d6-ade7-2c0130a2dd1d,error_423,,,dry golden savanna grass with scattered patches of warm red-brown earth,,dry golden savanna grass with scattered patches of warm red-brown earth,,,2026-06-04T22:25:54.829186+00:00
d7f224ed-7102-4934-851f-97d8c8b89e5b,error_423,,,"cold taiga floor with brown pine needles, light frost, and sparse grey-green lichen",,"cold taiga floor with brown pine needles, light frost, and sparse grey-green lichen",,,2026-06-04T22:25:53.005487+00:00
98e4e658-f985-4652-8e5d-f2c9ef191817,error_423,,,"lush tropical forest floor with broad green leaves, tangled vines, and rich dark humid soil",,"lush tropical forest floor with broad green leaves, tangled vines, and rich dark humid soil",,,2026-06-04T22:25:50.913346+00:00
7def3a17-3030-456d-8151-bea29df80431,error_423,,,arid desert sand with subtle wind ripple patterns and warm golden tone,,arid desert sand with subtle wind ripple patterns and warm golden tone,,,2026-06-04T22:25:42.607373+00:00
6d4a7ebb-9a4e-4f00-bb02-0870d01d87e7,error_423,,,golden sandy beach with fine grain texture and scattered tiny shells,,golden sandy beach with fine grain texture and scattered tiny shells,,,2026-06-04T22:25:41.685404+00:00
3052d934-dd65-4c95-bf8b-544d5981b2b2,error_423,,,"very dark dense forest floor with thick decomposing leaf litter, shelf mushrooms, and deep green moss",,"very dark dense forest floor with thick decomposing leaf litter, shelf mushrooms, and deep green moss",,,2026-06-04T22:25:37.882212+00:00
b89515b6-79d1-4bfd-98a4-31707be7734d,error_423,,,"dark forest floor with fallen brown leaves, green moss patches, and exposed roots",,"dark forest floor with fallen brown leaves, green moss patches, and exposed roots",,,2026-06-04T22:25:35.966764+00:00
b3f22618-fa92-4eaa-92d8-ee252436199b,error_423,,,lush green grass meadow with individual blades and subtle color variation,,lush green grass meadow with individual blades and subtle color variation,,,2026-06-04T22:25:34.508413+00:00
f608d493-99a6-4464-92a1-033624e1cdef,error_423,,,"mystic magical terrain, purple-pink glowing ground, arcane runes, ethereal glow",,"snowy taiga forest floor, pine needles, patches of snow, dark soil",,,2026-06-04T13:12:47.008271+00:00
fed27d06-aa44-4144-a171-2cfb8195a57a,error_423,,,"arctic snow and ice, frozen white ground",,"rocky mountain terrain, grey stone, alpine scree",,,2026-06-04T13:11:27.516512+00:00
15950e8b-8f60-4082-9ce9-2f2ceb131d04,error_423,,,"arctic ice and snow, frozen ground, ice formations",,"tundra permafrost, hardy shrubs, lichen patches, frozen soil",,,2026-06-04T13:08:44.489607+00:00
d3438f08-8c05-4fee-a9ae-f117c5a9fac2,error_423,,,"sandy beach, tan sand",,"arid desert sand, orange-tan dunes",,,2026-06-04T13:07:17.718511+00:00
69feb061-0246-475a-aa49-f0b4cfc730ff,error_423,,,"arctic ice and snow, white-blue frozen ground, ice cracks, snowdrifts",,"orange desert sand, scattered rocks, arid dry ground",,,2026-06-04T13:06:21.536512+00:00
bd69b23f-bf86-42a5-89cc-080cf0ad5cb9,error_423,,,"shallow turquoise water, sandy bottom, light blue-green",,"sandy beach, tan sand with small pebbles, shoreline",,,2026-06-04T13:04:49.071869+00:00
8f7b8c7f-e5bb-4331-9c17-726ed2cab99b,error_423,,,"sandy beach, tan sand, scattered pebbles and driftwood",,"lush green grassland, tall grass, wildflowers",,,2026-06-04T13:03:30.960417+00:00
81131927-5433-414c-9b7d-6e9b103a8162,error_423,,,"ocean water, medium blue with wave patterns",,"shallow turquoise water, sandy bottom visible, lighter blue-green",,,2026-06-04T13:02:33.398350+00:00
c7989459-8314-4a6d-b983-858cda32f5d7,error_423,,,"deep dark blue ocean water, subtle wave ripples, deep navy depths",,"lighter blue ocean water, soft wave patterns, medium blue",,,2026-06-04T12:59:20.985034+00:00
692d223f-0550-412a-b67d-6687ab3a12ff,error_423,,,"steep rocky cliff face, dark grey stone with vertical cracks, moss patches, rough jagged rock texture, shadowed crevices",,"grassy plateau top edge, bright green grass tufts, small pebbles and loose rocks along the rim, dirt patches at the very edge",,,2026-06-04T12:57:46.829312+00:00
42af6def-fe88-4251-bea3-ad6ef97854ad,error_423,,,lush green grassland,,arid desert sand,,,2026-06-03T16:56:15.329249+00:00
0985d8f1-8bac-4be0-a58f-2865323200dd,error_423,,,dark forest floor with fallen leaves and moss,,dry golden savanna grass,,,2026-06-03T16:56:11.177226+00:00
2af5471f-e7b2-41cd-b660-c42294e01fb6,error_423,,,lush green grassland,,cold taiga floor with pine needles and frost,,,2026-06-03T16:56:07.580606+00:00
bcc5b107-8d5e-470e-8530-e5923487ace5,error_423,,,dry sandy beach,,rocky hillside with scattered stones and gravel,,,2026-06-03T16:56:02.424531+00:00
8c7dbe6f-9d3f-46aa-9703-a253b6700474,error_423,,,dry sandy beach,,lush forest floor with fallen leaves and moss,,,2026-06-03T16:55:59.693136+00:00
efe98021-1276-4b12-8318-4de07d5c0660,error_423,,,purple mystic enchanted ground at lower elevation with magical mist,,purple mystic enchanted ground at upper elevation on arcane platform,,,2026-06-03T15:37:25.029514+00:00
46b1aca0-230a-499d-999f-ba39e7850cdf,error_423,,,dry steppe grass at lower elevation with dust,,dry steppe grass at upper elevation on bluff,,,2026-06-03T15:37:23.090958+00:00
39b4debc-7455-48a2-add4-7a59d909271e,error_423,,,rocky hillside ground at lower elevation with gravel,,rocky hillside ground at upper elevation on ridge top,,,2026-06-03T15:37:21.119243+00:00
278a9788-0ad4-4855-91c0-f21ac96efa39,error_423,,,frozen tundra permafrost at lower elevation with ice,,frozen tundra permafrost at upper elevation on ice shelf,,,2026-06-03T15:21:07.596011+00:00
547b37e4-7fa6-4648-ae60-1fddf939212d,error_423,,,dry golden savanna grass at lower elevation with shadow,,dry golden savanna grass at upper elevation on plateau,,,2026-06-03T15:21:04.954225+00:00
5c0b621f-15e6-4fe2-b36b-1091081a6ce8,error_423,,,wet muddy swamp ground at lower elevation with murky water,,wet muddy swamp ground at upper elevation on raised bank,,,2026-06-03T15:21:02.824013+00:00
a8a70b59-ea39-4a63-9612-10f055ad4051,error_423,,,wet sandy beach at lower elevation with wave foam,,dry sandy beach at upper elevation on cliff top,,,2026-06-03T15:09:41.970513+00:00
b8e26dd3-84ab-4642-91a8-4883c341949b,error_423,,,volcanic dark rock ground at lower elevation with lava glow,,volcanic dark rock ground at upper elevation on cliff top,,,2026-06-03T15:09:39.648554+00:00
e96743a6-e2fa-4aba-8bf3-b9bea35f722d,error_423,,,dark forest floor at lower elevation with cliff shadow,,dark forest floor at upper elevation on cliff top,,,2026-06-03T15:09:38.144275+00:00
a4457560-0a96-4da7-b390-cc544459cd02,error_423,,,grey stone mountain ground at lower elevation with cliff shadow,,grey stone mountain ground at upper elevation on cliff top,,,2026-06-03T14:56:11.421103+00:00
112222d0-aadc-47f4-b233-82f30dd748f9,error_423,,,snowy frozen ground at lower elevation with cliff shadow,,snowy frozen ground at upper elevation on cliff top,,,2026-06-03T14:56:09.791392+00:00
0b230206-d7d0-4fd9-973d-8fdae1cdf0ac,error_423,,,sandy desert ground at lower elevation with cliff shadow,,sandy desert ground at upper elevation on cliff top,,,2026-06-03T14:56:08.169616+00:00
6898a8eb-69b5-4dbb-8436-f886b2c3a671,error_423,,,green grass field at lower elevation with cliff shadow,,green grass field at upper elevation on cliff top,,,2026-06-03T14:51:32.717923+00:00
773924c3-da49-4862-bf58-936f9c459665,error_423,,,lower ground level with dark shadow at cliff base,,elevated terrain cliff edge with rocky face,,,2026-06-03T14:45:05.739091+00:00
fb451b1d-c12d-4a12-9909-073688a22671,error_423,,,dry golden sandy beach,,flowing river water with gentle current,,,2026-06-03T01:06:08.121645+00:00
74465425-7aa6-49f8-80ea-8b77d4caa03d,error_423,,,wet brown swamp mud with murky water patches,,taiga forest floor with pine needles and frost,,,2026-06-03T01:06:03.890445+00:00
90d90f8a-95b6-40e2-9281-c38baa36f4b5,error_423,,,grey mountain rock with snow patches and loose gravel,,dark volcanic rock with glowing orange lava cracks,,,2026-06-02T03:47:10.627031+00:00
fbf14df9-bf01-4e49-abd7-9e498c0b51d8,error_423,,,rocky hills with scattered stones and sparse grass,,dark volcanic rock with glowing orange lava cracks,,,2026-06-02T03:47:08.281087+00:00
3ea5dec6-4eb5-4031-8e28-9c702b75ccb6,error_423,,,frozen tundra ground with sparse lichen and frost,,grey mountain rock with snow patches and loose gravel,,,2026-06-02T03:47:04.821334+00:00
1e0da838-f967-4b98-a2bf-66a26f4ca92c,error_423,,,frozen tundra ground with sparse lichen and frost,,rocky hills with scattered stones and sparse grass,,,2026-06-02T03:47:01.156938+00:00
16ff2062-01a9-4665-8fed-3770b47eabef,error_423,,,frozen tundra ground with sparse lichen and frost,,dry brown steppe with sparse tough grass tufts,,,2026-06-02T03:46:58.914667+00:00
e1906161-558b-4e4a-883e-fbcc8de1431a,error_423,,,dry brown steppe with sparse tough grass tufts,,rocky hills with scattered stones and sparse grass,,,2026-06-02T03:43:05.990269+00:00
be3af850-88b5-4d09-bb03-17e1c266c07c,error_423,,,dry golden savanna grass with scattered patches,,rocky hills with scattered stones and sparse grass,,,2026-06-02T03:43:03.157125+00:00
ffaaef83-05cd-43ba-a6b6-5d556eb7d88a,error_423,,,dry golden savanna grass with scattered patches,,dry brown steppe with sparse tough grass tufts,,,2026-06-02T03:43:00.798780+00:00
2dc580dc-3e56-409e-bdfd-4619432b4146,error_423,,,arid desert sand with small dunes,,dark volcanic rock with glowing orange lava cracks,,,2026-06-02T03:42:56.934632+00:00
023eb8c9-a9f1-4592-bd73-fa50233b8fd4,error_423,,,arid desert sand with small dunes,,rocky hills with scattered stones and sparse grass,,,2026-06-02T03:42:54.656966+00:00
5461c6ec-f388-4a9a-aa01-6904b59e3d6b,error_423,,,snowy taiga forest floor with pine needles and frost,,grey mountain rock with snow patches and loose gravel,,,2026-06-02T03:42:50.660468+00:00
21672751-8e3c-40ea-83ef-a03fbadee858,error_423,,,snowy taiga forest floor with pine needles and frost,,rocky hills with scattered stones and sparse grass,,,2026-06-02T03:39:44.531345+00:00
1339d6b6-a68e-4a5c-ba04-c01376c2caea,error_423,,,lush tropical forest floor with broad leaves and exotic plants,,glowing mystic purple ground with magical crystalline veins,,,2026-06-02T03:39:42.238163+00:00
7f4f7f97-97f4-42c6-b67d-3053f5126b5b,error_423,,,dark dense forest floor with thick leaf litter and undergrowth,,glowing mystic purple ground with magical crystalline veins,,,2026-06-02T03:39:39.959110+00:00
19efb06b-9ddd-4dbf-8679-6f30b631366b,error_423,,,dark dense forest floor with thick leaf litter and undergrowth,,lush tropical forest floor with broad leaves and exotic plants,,,2026-06-02T03:39:37.407844+00:00
fc3994f7-b2bc-4dd3-8c64-cc77e4544d87,error_423,,,dark forest floor with fallen leaves and moss,,rocky hills with scattered stones and sparse grass,,,2026-06-02T03:39:35.721872+00:00
c1169ca6-2e82-4b32-a15c-ab9949499e69,error_423,,,dark forest floor with fallen leaves and moss,,glowing mystic purple ground with magical crystalline veins,,,2026-06-02T03:39:33.066249+00:00
23918e9d-0281-4ea1-9b22-1f978a657d2c,error_423,,,lush green grass,,glowing mystic purple ground with magical crystalline veins,,,2026-06-02T03:36:51.273488+00:00
765a77e2-140d-46df-8663-419548d469ef,error_423,,,lush green grass,,dry golden savanna grass with scattered patches,,,2026-06-02T03:36:48.968542+00:00
a9d51e2f-c4da-4a37-9e42-b439f5635133,error_423,,,dry sandy beach,,arid desert sand with small dunes,,,2026-06-02T03:36:45.378205+00:00
fa67668c-02ce-4bcf-9d6f-b73d9c8ddcbe,error_423,,,clear shallow water with visible sandy bottom,,dry sandy beach,,,2026-06-02T03:36:43.462360+00:00
427943e1-46a6-4aa9-bfeb-71f65fe49929,error_423,,,flowing river water,,rocky hills with scattered stones and sparse grass,,,2026-06-02T03:36:41.287239+00:00
ef7a671b-7f15-4312-a854-f35537665a6b,error_423,,,flowing river water,,dark forest floor with fallen leaves and moss,,,2026-06-02T03:36:39.605937+00:00
bdda3c47-a1da-40d9-b26e-03085ca788ad,error_423,,,lush green grass meadow with individual blades,,glowing purple mystic crystal ground with arcane energy,,,2026-06-02T03:26:10.224526+00:00
0b45f1bd-0635-4dee-a1c6-114905b23643,error_423,,,lush green grass meadow with individual blades,,dry golden savanna grass on reddish-brown earth,,,2026-06-02T03:26:09.812624+00:00
ae1c5c8d-8897-4479-a741-da530726eac8,error_423,,,golden sandy beach with fine grain texture,,golden sandy desert ground with wind ripples,,,2026-06-02T03:26:09.366380+00:00
2c6b2755-6719-45de-8102-e222fa9252d1,error_423,,,lighter blue shallow water with visible sandy bottom,,golden sandy beach with fine grain texture,,,2026-06-02T03:26:09.044178+00:00
37b3cb21-8997-4c21-8b3c-9461012f2b5e,error_423,,,flowing river water with blue-green current and ripples,,grey rough rocky hillside with scattered stones and sparse grass,,,2026-06-02T03:26:08.716493+00:00
87379f10-548f-4636-8e24-7642bbfe8d67,error_423,,,flowing river water with blue-green current and ripples,,dark brown forest floor with fallen leaves and twigs,,,2026-06-02T03:26:08.393365+00:00
9f9aa331-b96b-4a27-a1c3-96d15413f090,error_423,,,calm still lake water with dark blue-green tint,,dark brown forest floor with fallen leaves and twigs,,,2026-06-02T03:19:21.582116+00:00
fe3a0b98-0e32-4102-badf-2ad4a5213ce4,error_423,,,calm still lake water with dark blue-green tint,,lush green grass meadow with individual blades,,,2026-06-02T03:19:19.802103+00:00
d33426df-0a8f-4419-aede-06a759bece91,error_423,,,calm still lake water with dark blue-green tint,,lighter blue shallow water with visible sandy bottom,,,2026-06-02T03:19:17.106713+00:00
731f24da-f13f-4617-9209-c11346a1c4f7,error_423,,,calm still lake water with dark blue-green tint,,flowing river water with blue-green current and ripples,,,2026-06-02T03:19:15.236001+00:00
300a4fb3-8e59-40ee-8c78-ca9fd2a799e4,error_423,,,lighter blue shallow water with visible sandy bottom,,flowing river water with blue-green current and ripples,,,2026-06-02T03:19:12.939148+00:00
4e3db62b-5c42-488c-b250-dd953822d024,error_423,,,very deep dark blue ocean water with strong waves,,deep blue ocean water with gentle waves,,,2026-06-02T03:19:11.405919+00:00
ec9485e2-729e-45cf-bef4-7a2836577896,error_423,,,flowing river water with blue-green current and ripples,,lush green grass meadow with individual blades,,,2026-06-02T01:49:43.215577+00:00
38f9fe90-7efb-4c46-acfe-8c8d4e2429e9,error_423,,,deep blue ocean water with gentle waves,,lighter blue shallow water with visible sandy bottom,,,2026-06-02T01:49:40.348272+00:00
f8bd896d-670f-4bc6-9da3-c7b26e093681,error_423,,,dark brown forest floor with fallen leaves and twigs,,dark boreal taiga forest floor covered in pine needles,,,2026-06-02T01:49:38.554572+00:00
8c4f3e09-5d44-4310-a1df-e7ba6f317dde,error_423,,,dark brown forest floor with fallen leaves and twigs,,rich dark tropical forest soil with colorful fallen leaves and ferns,,,2026-06-02T01:49:36.387165+00:00
3c0e5042-bfc1-4825-af61-ff834dfec59c,error_423,,,grey rough rocky hillside with scattered stones and sparse grass,,grey craggy mountain rock with moss and mineral veins,,,2026-06-02T01:49:32.760269+00:00
1e1af15b-ddb2-40a8-bdfd-ea12e990c148,error_423,,,lush green grass meadow with individual blades,,grey rough rocky hillside with scattered stones and sparse grass,,,2026-06-02T01:49:31.382933+00:00
cac0c7e4-c341-4ad0-b5bf-44ade7baeec9,error_423,,,grey craggy mountain rock with moss and mineral veins,,white snow field with subtle blue shadows,,,2026-06-02T01:39:40.220126+00:00
26138ec8-4fdb-4d9f-9dce-11274b4561b0,error_423,,,frozen grey-brown tundra permafrost earth with frost,,dark boreal taiga forest floor covered in pine needles,,,2026-06-02T01:39:38.408397+00:00
9879ba5f-4861-469e-9843-6e0e3e76d64d,error_423,,,frozen grey-brown tundra permafrost earth with frost,,white snow field with subtle blue shadows,,,2026-06-02T01:39:36.048295+00:00
a8a6a7c2-fcba-4937-8664-adf49cb038c5,error_423,,,golden sandy desert ground with wind ripples,,dry golden savanna grass on reddish-brown earth,,,2026-06-02T01:39:33.434895+00:00
8c1f149a-7735-4091-818e-e8aef2f15eb5,error_423,,,dry golden-brown steppe grass on rocky soil,,golden sandy desert ground with wind ripples,,,2026-06-02T01:39:31.249385+00:00
9132bc26-2f7e-4587-ac23-b2f3c752ad80,error_423,,,dark brown forest floor with fallen leaves and twigs,,very dark dense forest floor with thick leaf litter and moss,,,2026-06-02T01:39:29.085493+00:00
4af16ecf-a1be-4f3f-83e9-82db0d421bcd,error_423,,,lush green grass meadow with individual blades,,dry golden-brown steppe grass on rocky soil,,,2026-06-02T01:35:47.767855+00:00
e59e2eae-243e-4556-94f1-43201dc43603,error_423,,,lush green grass meadow with individual blades,,dark brown forest floor with fallen leaves and twigs,,,2026-06-02T01:35:45.726367+00:00
ce2f599c-e633-4b1b-9718-87c46bcf294f,error_423,,,golden sandy beach with fine grain texture,,lush green grass meadow with individual blades,,,2026-06-02T01:35:42.687418+00:00
1b38b649-91d8-42b2-abbd-0cec22bfc27b,error_423,,,deep blue ocean water with gentle waves,,golden sandy beach with fine grain texture,,,2026-06-02T01:35:40.477582+00:00
1ec39fec-6702-45cd-a365-a512387a4f0a,error_423,,,wet brown swamp mud with puddles and peat,,golden sandy beach with fine grain texture,,,2026-06-02T01:35:31.259907+00:00
feac7d2b-f6c1-4885-bfd7-f8e93d918d1f,error_423,,,wet brown swamp mud with puddles and peat,,rich dark tropical forest soil with colorful fallen leaves and ferns,,,2026-06-02T01:35:29.200791+00:00
d5527906-6603-4138-87fb-ca24223cba1f,error_423,,,wet brown swamp mud with puddles and peat,,very dark dense forest floor with thick leaf litter and moss,,,2026-06-02T01:35:26.920397+00:00
41874432-2d41-427b-a548-ab64d886e5f4,error_423,,,calm still lake water with dark blue-green tint,,wet brown swamp mud with puddles and peat,,,2026-06-02T01:35:24.682542+00:00
7dfe8675-59b3-4095-8217-f0b9c55103b6,error_423,,,"flowing river water, blue-green current with ripples",,wet brown swamp mud ground with dark patches,,,2026-06-01T23:03:11.596842+00:00
438495f6-6aea-47a1-b305-012efc6f1810,error_423,,,flowing river water,,wet swamp mud ground,,,2026-06-01T21:36:32.492442+00:00
6b0045e3-017e-4e18-abd4-3ea6b5f0b6c5,error_423,,,forest floor with dry leaves and twigs,,dark wet swamp mud,,,2026-06-01T21:36:31.953464+00:00
c3fc7da1-7221-4758-836f-e56c09c3cac5,error_423,,,shallow clear water with ripples,,wet brown swamp mud with moss,,,2026-06-01T21:36:31.629831+00:00
0700877d-0796-44e7-95f3-3dd024372d28,processing,,,"brown forest floor with fallen leaves, twigs, and dark humus soil",,dark wet swamp mud ground with moss and waterlogged soil,,,2026-06-01T20:37:05.210574+00:00
c360c3f7-21e3-4708-a2c3-1b580572b705,error_423,,,"shallow clear water with gentle ripples, light blue-green aquatic surface",,dark brown wet swamp mud with organic debris and moss patches,,,2026-06-01T20:37:03.108878+00:00
2f51ba8b-a46c-4732-8da0-dd14dca8f4a5,processing,,,"forest floor with brown leaf litter, fallen twigs, and dark humus",,"wet mud swamp ground, dark brown peat soil with moisture and moss",,,2026-06-01T20:24:29.381309+00:00
6f95a842-8374-4a00-9a5b-bc0b113b11cf,processing,,,flowing river water with gentle current and reflections,,"wet mud swamp ground, dark brown peat soil with moisture",,,2026-06-01T20:24:26.382158+00:00
35614bf0-a2b8-475b-afe3-2fffc90300e1,processing,,,shallow clear water with gentle ripples and visible sandy bottom,,"wet mud swamp ground, dark brown peat soil with moisture",,,2026-06-01T20:24:23.850917+00:00
465c8506-0549-40b1-a0c1-1391ab873310,error_423,,,"wet mud swamp ground, dark brown peat soil with moisture",,"dark stagnant mud pool, standing water with floating organic debris and algae film",,,2026-06-01T20:24:16.062933+00:00
89a7e289-59d3-4653-8e7c-6fa858b88335,error_423,,,"dark murky swamp water with algae, still and stagnant",,"wet mud ground with organic debris, dark brown swamp soil, peat and moss patches",,,2026-06-01T20:24:13.746043+00:00
7ac92165-ec68-4d03-8100-b27065c170ee,processing,,,purple glowing mystic crystal ground,,grey mountain rock,,,2026-05-31T13:29:45.754254+00:00
4406a25e-bae4-4844-9fd9-97aa3ada47e2,processing,,,frozen brown permafrost earth,,dark pine forest floor with needles,,,2026-05-31T13:29:44.461271+00:00
12bf900f-cc06-4ca0-a3cd-58fb99852e35,processing,,,murky green-brown swamp mud,,dark forest floor with leaves,,,2026-05-31T13:29:41.847551+00:00
6bf4437d-7a37-4846-b420-83ce9251c866,processing,,,dark brown rich humus soil,,grey exposed rock surface,,,2026-05-31T13:29:39.348791+00:00
b923d5e9-125d-46ad-aa8d-11a918e02f55,processing,,,golden sandy desert ground,,dry yellowed grass patches,,,2026-05-31T13:29:37.821966+00:00
6e6c2bd1-eba8-4894-90cc-eb67d8f9d096,processing,,,dark charred volcanic rock with ash,,grey mountain stone,,,2026-05-31T13:29:25.194771+00:00
b3a97d0b-5c34-4131-babb-67f98065d4cb,processing,,,frozen brown permafrost earth,,white snow covering ground,,,2026-05-31T13:29:23.227570+00:00
64b6fa60-730b-4f2c-969d-3b5c92e9184c,processing,,,white snow field,,blue glacial ice with cracks,,,2026-05-31T13:29:20.911373+00:00
7aaebd00-da4c-435f-a3f5-63d0a526a779,processing,,,dry yellowed grass and earth,,grey rough mountain rock,,,2026-05-31T13:29:18.958401+00:00
430e55bf-0a18-4188-9908-4392e1f0c912,processing,,,deep blue ocean water,,golden sandy beach,,,2026-05-31T13:29:16.924287+00:00
ac2beaf1-c1dc-4eae-ad5f-ee79664f96d3,processing,,,dark brown forest floor with leaves,,grey mountain rock,,,2026-05-31T13:27:57.648375+00:00
07d1d05f-1fce-4923-9f86-e153e6040855,processing,,,grey mountain rock surface,,white snow covering rock,,,2026-05-31T13:27:57.063702+00:00
c488683e-e808-4d31-abff-a0913535db88,processing,,,lush green grass meadow,,dry yellowed grass and dirt,,,2026-05-31T13:27:52.924373+00:00
c36c5daf-2b2f-4e23-9ad4-4705bf89c407,processing,,,lush green grass meadow,,dark brown forest floor with fallen leaves,,,2026-05-31T13:27:50.471980+00:00
9f0edb75-1148-4938-9a58-c8e7e3a92534,processing,,,golden sandy beach ground,,lush green grass meadow,,,2026-05-31T13:27:48.503740+00:00
7ece5e4b-46b5-4158-8108-fb444c32717c,error_423,,,"grey rough stone, natural rock surface with moss spots and cracks",,"grey rough stone, natural rock surface with moss spots and cracks",,,2026-05-31T04:11:50.224345+00:00
0e58bc15-24f4-41a9-a91b-300c5800131a,error_423,,,"dark brown forest floor, fallen leaves and twigs on damp earth, woodland ground",,"dark brown forest floor, fallen leaves and twigs on damp earth, woodland ground",,,2026-05-31T04:11:49.273329+00:00
c597a484-fe44-43aa-bfaa-448377c1509a,error_423,,,"cracked blue glacial ice, frozen lake surface with air bubbles and frost",,"cracked blue glacial ice, frozen lake surface with air bubbles and frost",,,2026-05-31T04:03:15.585380+00:00
6e8444f1-4cc6-4310-83e0-ac94727ff898,error_423,,,"natural white snow ground, soft fresh powder snow surface, winter snowfield",,"natural white snow ground, soft fresh powder snow surface, winter snowfield",,,2026-05-31T04:03:14.419000+00:00
95bd0224-e905-4115-8347-2a2365869b02,error_423,,,"dry yellowed grass, parched savanna ground, sun-bleached dead grass patches on light brown earth",,"dry yellowed grass, parched savanna ground, sun-bleached dead grass patches on light brown earth",,,2026-05-31T03:54:56.271921+00:00
772792d1-3a97-46f8-9c4a-a30c606a92ba,error_423,,,"murky green-brown swamp mud, wet boggy ground with algae traces, marshy terrain",,"murky green-brown swamp mud, wet boggy ground with algae traces, marshy terrain",,,2026-05-31T03:53:57.833434+00:00
45189322-e069-414d-a22e-7b443fbbb666,error_423,,,"dark brown rich humus soil, composting earth, dark wet forest floor mulch",,"dark brown rich humus soil, composting earth, dark wet forest floor mulch",,,2026-05-31T03:53:55.891153+00:00
26a43511-502e-47f1-8c8e-b100da30fc20,error_423,,,"grey mountain rock surface, rough stone terrain, exposed granite with natural cracks",,"grey mountain rock surface, rough stone terrain, exposed granite with natural cracks",,,2026-05-31T03:53:54.209994+00:00
1a245ec6-db0c-4662-bdbd-1cd96eacddd2,error_423,,,"dark forest floor with decomposing leaves, brown humus soil, damp woodland ground",,"dark forest floor with decomposing leaves, brown humus soil, damp woodland ground",,,2026-05-31T03:53:52.431081+00:00
935e161f-b340-402d-a820-6a822ddd3f5c,error_423,,,"dark volcanic rock with ash, charred basalt ground, cooled lava surface with cracks",,"dark volcanic rock with ash, charred basalt ground, cooled lava surface with cracks",,,2026-05-31T03:53:42.611141+00:00
64e8b468-9f49-4729-820c-1cc9e07e03ae,error_423,,,"sandy desert ground, warm golden sand with subtle wind ripples, arid terrain",,"sandy desert ground, warm golden sand with subtle wind ripples, arid terrain",,,2026-05-31T03:53:40.770551+00:00
b1db7c37-3434-4996-b31d-b05c60035aa3,error_423,,,"rich green grass meadow, varied natural grass with subtle color variation, lush field",,"rich green grass meadow, varied natural grass with subtle color variation, lush field",,,2026-05-31T03:53:39.228853+00:00
d198ce03-a02d-4532-9249-a2298e4a2191,error_423,,,"frozen brown earth with frost crystals, permafrost ground, icy soil with frozen grass patches",,"frozen brown earth with frost crystals, permafrost ground, icy soil with frozen grass patches",,,2026-05-31T03:53:31.659494+00:00
6e19b1d4-38a0-4516-838e-e8cebd1d6505,error_423,,,"glacial blue ice surface, frozen translucent ice with cracks, arctic glacier",,"glacial blue ice surface, frozen translucent ice with cracks, arctic glacier",,,2026-05-31T03:53:29.300837+00:00
c241b0ca-5ed2-4206-96db-c1b3306282a1,error_423,,,"fresh white snow with subtle sparkle, natural snowfield, soft powder snow ground",,"fresh white snow with subtle sparkle, natural snowfield, soft powder snow ground",,,2026-05-31T03:53:27.702614+00:00
8b62df80-8fac-4dcc-9567-9f6eb2ccb4ad,error_423,,,void transparent background,,glowing purple mystic crystal floor with arcane energy veins,,,2026-05-30T17:15:10.396393+00:00
d2fa7bef-eee9-408d-869b-5336c8cb06cf,error_423,,,void transparent background,,dark volcanic basalt rock with glowing orange lava cracks,,,2026-05-30T17:15:03.613823+00:00
686c16ad-4a4a-4e4b-8e5a-7f7095d2f3b2,error_423,,,void transparent background,,blue-white glacial ice with pressure cracks and crystalline patterns,,,2026-05-30T17:14:57.632772+00:00
e4407604-3a0c-4585-bbba-9c7c2b18f3e6,error_423,,,void transparent background,,"frozen cracked permafrost soil with frost crystals, tundra ground",,,2026-05-30T17:14:50.211069+00:00
56a83395-7e1f-4eca-83e8-4f43bad1c3dc,error_423,,,void transparent background,,"dark decomposing humus, rich brown decaying leaf litter on forest floor",,,2026-05-30T17:11:44.111128+00:00
6f90b7ac-49f8-42f0-b92c-3d466d57cf7a,error_423,,,void transparent background,,"glowing purple mystic crystal floor, magical crystalline terrain with arcane energy veins and ethereal shimmer",,,2026-05-30T16:59:59.011238+00:00
1f395f46-d52e-4749-907b-02e143fccf79,error_423,,,void transparent background,,"dark volcanic rock with glowing orange lava cracks, obsidian-like basalt surface with magma veins",,,2026-05-30T16:59:50.654950+00:00
75a4230b-0fe8-4ac2-860b-a4ae601862aa,error_423,,,void transparent background,,"blue-white glacial ice surface with pressure cracks, frozen glacier terrain with crystalline ice patterns",,,2026-05-30T16:59:38.207926+00:00
a804cb76-aef6-48a9-9605-8582f9b7e4fe,error_423,,,void transparent background,,"frozen permafrost tundra soil, cracked icy grey-brown earth with frost crystals and frozen mud",,,2026-05-30T16:59:31.401742+00:00
30ada105-b241-4d17-88c9-de57e76f8fed,error_423,,,void transparent background,,"dark decomposing leaf litter and humus, rich dark brown forest floor with decaying leaves and organic matter",,,2026-05-30T16:59:19.886765+00:00
4d7b4534-f4eb-4a57-a490-e3eb43cf593c,error_423,,,void transparent background,,"dry windswept grass on rocky arid soil, steppe terrain, sparse yellow-brown grass tufts",,,2026-05-30T16:59:08.853047+00:00
abb5b915-b684-48d5-91b6-736b5e3defd8,error_423,,,solid pure black darkness,,solid pure white bright,,,2026-05-27T21:10:42.890168+00:00
7966e996-698b-43d2-a55c-f941a5a787f4,error_423,,,glowing purple mystic crystal surface,,grey layered stone rock surface,,,2026-05-27T16:07:49.290481+00:00
f598746b-ed6d-44c8-bed2-75685e9422ba,error_423,,,wet brown swamp mud with puddles,,lush green grass surface,,,2026-05-27T16:07:46.078207+00:00
948b7154-cca8-4e73-8892-be6759ac87b5,error_423,,,wet brown swamp mud with puddles,,dark forest floor with fallen leaves,,,2026-05-27T16:07:43.987714+00:00
d83666e3-5e55-45fb-bd44-e1c7bd0bde1a,error_423,,,dark volcanic rock with lava cracks,,grey layered stone rock surface,,,2026-05-27T16:07:40.599719+00:00
c303819b-c11e-42b5-97c0-4b6a760648a4,error_423,,,blue-white glacial ice surface,,white snow and ice surface,,,2026-05-27T16:07:37.194442+00:00
dedb871f-f0c2-4a88-b3de-dde1559c2508,error_423,,,grey layered stone rock surface,,blue-white glacial ice surface,,,2026-05-27T16:07:34.920690+00:00
50b0915a-b5a2-47bb-8d36-9454c8518b01,error_423,,,grey layered stone rock surface,,white snow and ice surface,,,2026-05-27T16:07:30.996604+00:00
411c7949-8cd7-4194-839e-61e65bcfe832,error_423,,,dry golden-brown grass and dirt,,dark forest floor with fallen leaves,,,2026-05-27T16:07:29.348733+00:00
5204eafd-092f-4781-8a3c-933ee2171485,error_423,,,dry golden-brown grass and dirt,,grey layered stone rock surface,,,2026-05-27T16:07:20.267944+00:00
6872ffb0-61ed-40ec-adc9-7ec69a723c11,error_423,,,dark frozen permafrost earth,,dark forest floor with fallen leaves,,,2026-05-27T16:07:19.736494+00:00
8c30af01-8804-48fa-a80e-23b2c4e936ba,error_423,,,dark frozen permafrost earth,,white snow and ice surface,,,2026-05-27T16:07:19.134736+00:00
4675f90b-bdf2-4abb-85cd-72d26b071a69,error_423,,,dark forest floor with fallen leaves,,grey layered stone rock surface,,,2026-05-27T16:07:05.769475+00:00
4a637d34-c8aa-407c-b693-0e089dec2549,error_423,,,dark forest floor with fallen leaves,,very dark decomposing earth with mushrooms,,,2026-05-27T16:07:03.175115+00:00
109058ce-353a-414d-8c11-abf58247adc1,error_423,,,lush green grass surface,,dark frozen permafrost earth,,,2026-05-27T16:07:00.579523+00:00
c046debc-d24d-40e5-a0b9-51ad3b20af27,error_423,,,lush green grass surface,,dark forest floor with fallen leaves,,,2026-05-27T16:06:57.731725+00:00
bedc7601-429a-4d9b-aeee-14c974a6bbf5,error_423,,,lush green grass surface,,dry golden-brown grass and dirt,,,2026-05-27T16:06:54.835097+00:00
1ef800e9-0305-4890-93dc-a4dca921a49d,error_423,,,golden sandy beach surface,,dry golden-brown grass and dirt,,,2026-05-27T16:06:52.586403+00:00
f425beec-61f0-4d95-8ec7-aa35320fc951,error_423,,,golden sandy beach surface,,lush green grass surface,,,2026-05-27T16:06:49.711894+00:00
7a0ddd2a-c0a9-428a-8427-68d51466d470,error_423,,,deep blue ocean water with gentle waves,,golden sandy beach surface,,,2026-05-27T16:06:47.223770+00:00
ec1782b7-713c-4ca8-a4a3-3b4f1a4cd983,error_423,,,transparent empty void,,"glowing purple mystic crystal surface with arcane energy veins, pixel art top-down RPG",,,2026-05-27T15:55:39.741228+00:00
74c9aca9-19de-411c-a9de-1c6b47995d56,error_423,,,transparent empty void,,"blue-white glacial ice surface with pressure cracks, pixel art top-down RPG",,,2026-05-27T15:55:37.923884+00:00
f3213083-ec76-4838-9263-c110539e9fe9,error_423,,,transparent empty void,,"dark frozen permafrost earth with ice crystal patches, pixel art top-down RPG",,,2026-05-27T15:55:36.345087+00:00
7554c257-7618-4b86-b7a2-6d6c445269a7,error_423,,,transparent empty void,,"dark volcanic rock surface with glowing orange lava cracks, pixel art top-down RPG",,,2026-05-27T15:55:35.787292+00:00
d0082347-c177-490a-9785-8149dd387cf4,error_423,,,transparent empty void,,"grey layered stone rock surface with cracks and mineral veins, pixel art top-down RPG",,,2026-05-27T15:55:35.295634+00:00
703eb37f-adf5-40cd-a21b-5318043a4df1,error_423,,,transparent empty void,,"wet brown swamp mud with puddles and reeds, pixel art top-down RPG",,,2026-05-27T15:55:30.350510+00:00
5a42c10b-a28c-482d-ad32-18fa37a9bf8b,error_423,,,transparent empty void,,"very dark decomposing earth with mushrooms and organic matter, pixel art top-down RPG",,,2026-05-27T15:55:28.453684+00:00
aa48417e-30d7-48ae-9b22-9753a8e5e60a,error_423,,,transparent empty void,,"dark forest floor with fallen leaves, twigs and moss patches, pixel art top-down RPG",,,2026-05-27T15:55:26.579744+00:00
b3ebf4ec-847b-4607-acec-ed6ba49689bd,error_423,,,transparent empty void,,"dry golden-brown grass and dirt surface with sparse dead vegetation, pixel art top-down RPG",,,2026-05-27T15:55:24.229383+00:00
b36d7e93-73f6-4aad-ba01-18b34855a164,error_423,,,transparent empty void,,"lush green grass surface with small flowers and clovers, pixel art top-down RPG",,,2026-05-27T15:55:23.523257+00:00
7a4205af-96e2-440f-8e2d-117c2d72d055,error_423,,,transparent empty void,,"golden sandy beach surface, warm yellow sand with small pebbles, pixel art top-down RPG",,,2026-05-27T15:55:20.298034+00:00
abd51b4e-60b7-4cb5-b1c5-88db11dd020d,error_423,,,transparent empty void nothing,,"white snow and ice surface with blue ice crystal patterns, pixel art top-down RPG style",,,2026-05-27T15:51:53.742585+00:00
c2f346cb-7bf0-4a10-b03e-2b2a530f05ea,error_423,,,"glowing purple crystal cliff face cross-section with arcane energy veins, side view",,"purple crystal cliff face with pulsing magical energy and gem facets, side view",,,2026-05-27T13:59:27.364376+00:00
2acc3891-dbf6-43f6-8952-5b6bd79de9fb,error_423,,,"very dark decomposing earth cliff face with fungal networks and mycelium, side view",,"dark humus cliff face with beetle tunnels and buried leaves, side view",,,2026-05-27T13:59:24.978241+00:00
ecf3ddbd-0acb-4337-a0ee-404081f68b33,error_423,,,"rocky dry soil cliff face with sparse dead root systems, side view",,"dry soil cliff face with small stones and cracked earth layers, side view",,,2026-05-27T13:59:24.004738+00:00
e51ae097-4e93-43ad-b03c-96fd74ee0842,error_423,,,"wet mud cliff face with water seeping out and rotting plant matter, side view",,"mud cliff face with clay layers and embedded twigs and reeds, side view",,,2026-05-27T13:59:23.627792+00:00
9d58a7a0-96f7-4391-ad00-d5562ce4373c,error_423,,,"dark basalt cliff face with glowing orange lava veins, side view",,"dark volcanic rock cliff face with cooling lava cracks and heat shimmer, side view",,,2026-05-27T13:59:18.367672+00:00
1e3683c8-c151-4056-ade1-1c63d62bbb13,error_423,,,"blue-white glacial ice cliff face with pressure cracks and air bubbles, side view",,"glacial ice cliff face with deep blue compression layers, side view",,,2026-05-27T13:59:16.006000+00:00
da53cb26-5cfd-4e52-9ab9-154c6db4a56a,error_423,,,"permafrost cliff face with ice crystal layers and frozen soil bands, side view",,"permafrost cliff face with embedded frozen pebbles and ice lenses, side view",,,2026-05-27T13:59:13.687522+00:00
db0d771c-7cc3-4467-a1e0-65bd6204e5f1,error_423,,,"dark earth cliff face with tree roots and buried decomposing leaves, side view",,"dark earth cliff face with roots and small mushrooms growing, side view",,,2026-05-27T13:59:11.344891+00:00
5b59c457-25af-4315-87bd-af227f8a7bbc,error_423,,,"packed snow and ice cliff face with frozen dirt layers visible, side view",,"packed snow cliff face with blue ice crystal veins, side view",,,2026-05-27T13:59:09.416098+00:00
3e638a33-41b5-4869-a2da-f69b367c1485,error_423,,,"layered stone cliff face with mineral veins and moss patches, side view",,"layered stone cliff face with cracks and lichen, slightly different pattern",,,2026-05-27T13:59:07.080667+00:00
3d7124d6-5d11-435d-ab35-67711775c762,error_423,,,"sandy cliff face with exposed rock layers and crumbling sand, side view",,"sandy cliff face with shells embedded in sand layers, side view",,,2026-05-27T13:59:04.778538+00:00
757b0f37-d701-4395-b17b-686fd41f8b2f,error_423,,,"cross-section of dirt and soil with grass roots and earthworms, cliff face side view",,"cross-section of dirt and soil with grass roots, slightly different layer pattern",,,2026-05-27T13:59:03.984258+00:00
45535842-8145-4da1-8a88-aff4935887b2,error_423,,,flat white snow field with subtle blue shadows in crevices,,deep snow drifts with wind-carved ridges and ice crystals,,,2026-05-27T13:25:35.557429+00:00
580c423d-96b5-495c-9255-a57d3595e7f7,processing,,,white snow cover with wind-swept drifts and subtle blue shadows,,white snow cover with deeper drifts and exposed ice patches,,,2026-05-27T13:23:37.628291+00:00
ec6861e4-a946-43e7-87f9-8abe51195143,error_423,,,glowing purple mystic crystal floor with arcane energy,,grey craggy mountain rock with moss and mineral veins,,,2026-05-27T13:23:30.529869+00:00
a2dc5484-52da-4da0-b42e-10db7ca3cbb0,error_423,,,lush green grassland with individual blades,,frozen grey-brown tundra permafrost earth,,,2026-05-27T13:23:28.600069+00:00
07a17a8c-d24a-4c42-90f4-26c3882d6203,error_423,,,murky brown swamp mud with standing water patches,,dark forest floor with fallen leaves and moss,,,2026-05-27T13:23:25.974478+00:00
21ffae32-b5ee-4a1d-83b0-dd464517ef45,error_423,,,murky brown swamp mud with standing water patches,,lush green grassland with individual blades,,,2026-05-27T13:23:23.679429+00:00
50c7a571-f36b-46b9-a28f-a9bd6934e649,error_423,,,dark volcanic rock with glowing orange lava cracks,,grey craggy mountain rock with moss and mineral veins,,,2026-05-27T13:23:20.494218+00:00
0ac92777-dd93-404d-9bb9-fb009052fb4e,error_423,,,white-blue glacial ice with pressure cracks,,white snow cover with wind-swept drifts,,,2026-05-27T13:23:18.766550+00:00
627ba760-6501-4b02-9849-23d7cb7aeb64,error_423,,,frozen grey-brown tundra permafrost earth,,white snow cover with wind-swept drifts,,,2026-05-27T13:23:16.453446+00:00
72c2af13-746f-4e9c-aaf6-300352662dea,error_423,,,dark forest floor with fallen leaves and moss,,grey craggy mountain rock with moss and mineral veins,,,2026-05-27T13:23:14.252820+00:00
90690476-0664-4805-ad7f-93fc05bde013,error_423,,,grey craggy mountain rock with moss and mineral veins,,white snow cover with wind-swept drifts,,,2026-05-27T13:23:11.415061+00:00
0dfd68a8-52b8-4dd1-869c-879cac259b4d,error_423,,,frozen grey-brown tundra earth,,dark boreal taiga floor with pine needles,,,2026-05-27T03:02:42.502109+00:00
ac639b06-968a-46f8-8203-1621575c1f61,error_423,,,grey craggy mountain rock,,white-blue glacial ice with pressure cracks,,,2026-05-27T03:02:40.523565+00:00
ce72428f-569b-4134-9077-088c5237da33,error_423,,,short windswept steppe grass on rocky soil,,grey craggy mountain rock,,,2026-05-27T03:02:36.401757+00:00
6e1a58d2-a672-4346-aae4-4c51564bb0a5,error_423,,,dry golden savanna grass,,rich dark tropical soil with broad leaves,,,2026-05-27T03:02:33.758899+00:00
a684e2c0-b1f1-4eca-88d1-b7219ca29b74,error_423,,,golden desert sand,,dry golden savanna grass on red earth,,,2026-05-27T03:02:30.786698+00:00
28df4cfc-aa46-42d6-a862-126b904ab14f,error_423,,,dark forest floor,,very dark dense forest floor with thick leaves,,,2026-05-27T03:02:27.678709+00:00
1b81ce26-2244-46b3-aea1-1e7c795ca6c9,error_423,,,lush green grassland,,short windswept steppe grass on rocky soil,,,2026-05-27T03:02:24.901913+00:00
dc2bb4bb-ea6f-411e-b4d8-2451ac224b07,error_423,,,lush green grassland,,golden desert sand with wind ripples,,,2026-05-27T03:02:22.045309+00:00
47ff7382-2d0a-4a02-9c30-b8610f01e1bf,error_423,,,lush green grassland,,dark forest floor with fallen leaves,,,2026-05-27T03:02:19.548302+00:00
9971a329-e178-4879-b169-a89087c4e99c,error_423,,,golden sandy beach,,lush green grassland,,,2026-05-27T03:02:17.385091+00:00
e5f404d3-e3b5-448b-9a7b-d0d4192beada,error_423,,,deep blue ocean water with gentle waves,,golden sandy beach with fine grain texture,,,2026-05-27T03:02:15.820583+00:00
240b60d4-88cf-4272-82ad-8dc111ae5dcc,error_423,,,"submerged smooth river rocks on sandy bottom visible through water on fully transparent background, pixel art, top-down view",,"different river rock arrangement with more sand on transparent background, pixel art, top-down view",,,2026-05-27T02:55:00.050187+00:00
70d4056d-dcea-4f24-b91d-77cc748aebef,error_423,,,"water lily pads and small floating algae patches on fully transparent background, pixel art, top-down view",,"different lily pad arrangement with duckweed on transparent background, pixel art, top-down view",,,2026-05-27T02:54:59.753892+00:00
5506eb15-9718-411a-881a-17edc7abb5df,error_423,,,"jagged ice crystal formations and hoarfrost structures on fully transparent background, pixel art, top-down view",,"different ice crystal arrangement with rime frost on transparent background, pixel art, top-down view",,,2026-05-27T02:54:59.482884+00:00
d3e127df-6de6-41f2-8eb1-e63da731fa1c,error_423,,,"thick green moss carpet and shelf mushrooms growing on fully transparent background, pixel art, top-down view",,"different moss coverage with bracket fungus patterns on transparent background, pixel art, top-down view",,,2026-05-27T02:54:59.074172+00:00
9ae44f8f-2804-48fa-bbee-8bfce5037d4f,error_423,,,"floating purple magical energy particles and faint glowing rune symbols on fully transparent background, pixel art, top-down view",,"different magical particle pattern with ethereal wisps on transparent background, sparse, pixel art, top-down view",,,2026-05-27T02:52:29.070957+00:00
af6d7d57-4bb4-43bf-b21d-09702191242c,error_423,,,"scattered glowing gemstones and broken enchanted crystal fragments on fully transparent background, pixel art, top-down view",,"different gemstone arrangement with magical residue on transparent background, pixel art, top-down view",,,2026-05-27T02:52:26.945907+00:00
304d81ae-0031-4a09-b4c8-ee1107965b9a,error_423,,,"growing purple and blue crystal formations and glowing magical mushrooms on fully transparent background, pixel art, top-down view",,"different crystal cluster with enchanted flora on transparent background, pixel art, top-down view",,,2026-05-27T02:52:25.399240+00:00
153c94d8-ea8e-43e9-8f75-afcbfcc9feb4,error_423,,,"glowing purple arcane rune patterns and energy vein lines on fully transparent background, pixel art, top-down view",,"different rune pattern with more energy concentration on transparent background, pixel art, top-down view",,,2026-05-27T02:52:23.804175+00:00
f558e06a-c359-4450-aaf7-d61816d55f3e,processing,,,"submerged smooth river rocks on sandy bottom visible through water on fully transparent background, pixel art, top-down view",,"different river rock arrangement with more sand on transparent background, pixel art, top-down view",,,2026-05-27T02:52:12.901620+00:00
96bcb577-a97b-46e3-80f3-dcbdd18e3b26,error_423,,,"white light reflections on water surface and tiny water strider insects on fully transparent background, pixel art, top-down view",,"different light reflection pattern with ripple rings on transparent background, sparse, pixel art, top-down view",,,2026-05-27T02:52:11.458536+00:00
36cc9ede-bf8a-4da9-bb59-9caff79fafc7,processing,,,"water lily pads and small floating algae patches on fully transparent background, pixel art, top-down view",,"different lily pad arrangement with duckweed on transparent background, pixel art, top-down view",,,2026-05-27T02:52:09.156353+00:00
47396cd9-165c-42c3-8c18-994061c4c8c3,error_423,,,"submerged rocks and pebbles visible through clear water on fully transparent background, pixel art, top-down view",,"different submerged rock arrangement with sandy bottom on transparent background, pixel art, top-down view",,,2026-05-27T02:52:07.280807+00:00
9629d67a-7ae6-4d15-bb37-b9e12a7abc27,error_423,,,"sparkling diamond dust ice particles and faint aurora color reflections on fully transparent background, pixel art, top-down view",,"different diamond dust pattern with stronger aurora shimmer on transparent background, sparse, pixel art, top-down view",,,2026-05-27T02:52:05.375822+00:00
31b73c8e-f817-4b5c-a53f-ac742508f2b0,error_423,,,"scattered broken icicle fragments and hard-packed snow clumps on fully transparent background, pixel art, top-down view",,"different icicle fragment arrangement with frost-covered debris on transparent background, pixel art, top-down view",,,2026-05-27T02:52:03.473372+00:00
401da2f7-a6da-44a0-944f-6f645871f989,processing,,,"jagged ice crystal formations and hoarfrost structures on fully transparent background, pixel art, top-down view",,"different ice crystal arrangement with rime frost on transparent background, pixel art, top-down view",,,2026-05-27T02:52:01.582396+00:00
4e34c9aa-4ec1-46eb-bbf1-56c962d9392d,error_423,,,"deep blue ice crevasses and frozen air bubbles visible in ice on fully transparent background, pixel art, top-down view",,"different crevasse pattern with more frozen bubble detail on transparent background, pixel art, top-down view",,,2026-05-27T02:51:59.814767+00:00
cec0031c-4b5b-4338-b085-04d32d6cc778,error_423,,,"scattered seashells and small pieces of driftwood on fully transparent background, pixel art, top-down view",,"different shell arrangement with smooth sea glass on transparent background, pixel art, top-down view",,,2026-05-27T02:51:57.505837+00:00
7251410d-6e9e-4faf-8e81-33c9c3037c13,error_423,,,"wet dark sand patches and wave tide marks on fully transparent background, pixel art, top-down view",,"different wet sand pattern with foam residue lines on transparent background, pixel art, top-down view",,,2026-05-27T02:51:55.565588+00:00
a85cf190-abdc-4ead-a3c8-2406b17d7e80,error_423,,,"deep green shadow overlay with tiny yellow-green firefly lights on fully transparent background, pixel art, top-down view",,"different shadow pattern with fewer but brighter fireflies on transparent background, sparse, pixel art, top-down view",,,2026-05-27T02:51:53.847308+00:00
22e124e0-7143-41b2-824a-597be825b100,error_423,,,"scattered rotting wood pieces and fallen branches on fully transparent background, pixel art, top-down view",,"different rotting log arrangement with bark fragments on transparent background, pixel art, top-down view",,,2026-05-27T02:51:51.408774+00:00
c7ea96fe-2c11-43c2-b984-3075ad549b57,error_423,,,"dense fern fronds and large spotted mushrooms on fully transparent background, pixel art, top-down view",,"different fern arrangement with glowing bioluminescent mushrooms on transparent background, pixel art, top-down view",,,2026-05-27T02:51:49.934713+00:00
03179a8c-480d-4bf9-b4a5-fc68af6daa4a,processing,,,"thick green moss carpet and shelf mushrooms growing on fully transparent background, pixel art, top-down view",,"different moss coverage with bracket fungus patterns on transparent background, pixel art, top-down view",,,2026-05-27T02:51:47.550392+00:00
1127b225-98d0-48ed-9b7f-4bce2daffe21,error_423,,,"humid tropical mist with colorful butterfly silhouettes on fully transparent background, pixel art, top-down view",,"different mist pattern with floating pollen on transparent background, sparse, pixel art, top-down view",,,2026-05-27T02:51:45.712181+00:00
494df00e-bde9-4398-b7ba-acbbfc3ce189,error_423,,,"scattered fallen tropical fruits and colorful seeds on fully transparent background, pixel art, top-down view",,"different fruit arrangement with exotic beetle shells on transparent background, pixel art, top-down view",,,2026-05-27T02:51:44.777972+00:00
0e97a5a5-a3a2-4889-b49a-fc957caf1919,error_423,,,"large tropical broad-leaf plants and colorful orchid flowers on fully transparent background, pixel art, top-down view",,"different tropical plant arrangement with bird-of-paradise flowers on transparent background, pixel art, top-down view",,,2026-05-27T02:51:44.327941+00:00
50264ff7-c2d5-4219-b22f-9513b3d204f7,error_423,,,"water splash droplets and thin river mist on fully transparent background, pixel art, top-down view",,"different splash pattern with less mist on transparent background, sparse, pixel art, top-down view",,,2026-05-27T02:48:34.927149+00:00
27f9fe1e-2a12-45cc-ba05-de3f4116f881,error_423,,,"sprawling vine networks and small tropical puddles on fully transparent background, pixel art, top-down view",,"different vine pattern with more mud patches on transparent background, pixel art, top-down view",,,2026-05-27T02:48:00.792817+00:00
1f4797ca-96cd-44f6-bf30-882c195fe510,error_423,,,"horizontal wind-blown dust streaks on fully transparent background, directional, pixel art, top-down view",,"different wind streak pattern with sand grain trails on transparent background, sparse, pixel art, top-down view",,,2026-05-27T02:47:48.512410+00:00
8cec8de7-a935-483e-a3bc-199fcd436c48,error_423,,,"scattered loose gravel and smooth wind-polished stones on fully transparent background, pixel art, top-down view",,"different gravel arrangement with larger polished rocks on transparent background, pixel art, top-down view",,,2026-05-27T02:47:46.584641+00:00
38c0927c-b4a3-4e0f-b8d6-d88f94db3341,error_423,,,"very sparse tough grass clumps and grey lichen on fully transparent background, pixel art, top-down view",,"different sparse grass arrangement with hardy weeds on transparent background, pixel art, top-down view",,,2026-05-27T02:47:44.726311+00:00
33be1569-0f05-4b14-b365-b54054995cea,error_423,,,"exposed grey bedrock patches and wind erosion patterns on fully transparent background, pixel art, top-down view",,"different bedrock exposure with deeper erosion channels on transparent background, pixel art, top-down view",,,2026-05-27T02:47:43.305887+00:00
b7f5db5d-a544-4206-8453-82e353f8be1f,error_423,,,"floating dust and dry grass particles on fully transparent background, sparse, pixel art, top-down view",,"different dust particle pattern with heat shimmer on transparent background, very sparse, pixel art, top-down view",,,2026-05-27T02:47:40.980053+00:00
4fa797c6-c337-4c4b-983d-19724d1f4d98,error_423,,,"scattered dry seed pods and small reddish rocks on fully transparent background, pixel art, top-down view",,"different seed pod arrangement with bone fragments on transparent background, pixel art, top-down view",,,2026-05-27T02:47:39.664155+00:00
83c89881-5267-4416-9bf4-92302b1d1023,error_423,,,"tall dry yellow-brown grass tufts and small thorny bushes on fully transparent background, pixel art, top-down view",,"different dry grass tuft pattern with acacia seedlings on transparent background, pixel art, top-down view",,,2026-05-27T02:47:39.425570+00:00
76c5361c-7148-4f86-b351-d702874f1f79,error_423,,,"red clay dirt patches and subtle animal hoof prints on fully transparent background, pixel art, top-down view",,"different red clay pattern with more animal tracks on transparent background, pixel art, top-down view",,,2026-05-27T02:47:39.185305+00:00
1d170e66-a95b-4e13-9aff-637dfdd7b5a9,error_423,,,"gentle falling snow particles on fully transparent background, sparse, pixel art, top-down view",,"different snowfall pattern with less density on transparent background, very sparse, pixel art, top-down view",,,2026-05-27T02:47:38.701684+00:00
c944894c-275b-4407-828c-9ea363a93365,error_423,,,"scattered pinecones and pieces of birch bark on fully transparent background, pixel art, top-down view",,"different pinecone arrangement with frozen twig fragments on transparent background, pixel art, top-down view",,,2026-05-27T02:47:35.896222+00:00
84967a2e-d448-46c4-b7a8-be8fe378d860,error_423,,,"scattered white snow patches and small frozen puddles on fully transparent background, pixel art, top-down view",,"different snow patch arrangement with more ice coverage on transparent background, pixel art, top-down view",,,2026-05-27T02:47:30.236573+00:00
1ea376d4-cfc6-478c-9398-102b6e408988,error_423,,,"blowing snow particles and ice sparkle reflections on fully transparent background, pixel art, top-down view",,"different snow particle pattern with aurora shimmer on transparent background, sparse, pixel art, top-down view",,,2026-05-27T02:47:28.219616+00:00
639e0280-0983-43df-9ef2-803e8c6a29c1,error_423,,,"scattered frost-covered pebbles and small ice shard fragments on fully transparent background, pixel art, top-down view",,"different arrangement of icy pebbles and frost shards on transparent background, pixel art, top-down view",,,2026-05-27T02:47:26.360733+00:00
ce195bc3-5ebf-4029-a87a-c30a9c1b279e,error_423,,,"low arctic moss and tiny colorful tundra flowers on fully transparent background, pixel art, top-down view",,"different moss pattern with purple and yellow arctic blooms on transparent background, pixel art, top-down view",,,2026-05-27T02:47:24.717294+00:00
48497092-f3e2-460f-b454-7f39992b5e75,error_423,,,"white frost patterns and small ice crystal formations on fully transparent background, pixel art, top-down view",,"different frost pattern with larger crystal clusters on transparent background, pixel art, top-down view",,,2026-05-27T02:47:22.610627+00:00
1b85b40e-9bbb-445d-9bf2-dc41e063a540,error_423,,,"green swamp mist and tiny insect swarm particles on fully transparent background, pixel art, top-down view",,"different mist pattern with fewer insects on transparent background, sparse, pixel art, top-down view",,,2026-05-27T02:47:20.701386+00:00
781053e3-e975-4853-ac04-7ead2dcab374,error_423,,,"scattered lily pads and waterlogged branch debris on fully transparent background, pixel art, top-down view",,"different lily pad arrangement with floating twigs on transparent background, pixel art, top-down view",,,2026-05-27T02:47:18.434379+00:00
5b42540d-c4cb-4bda-a6fe-aacde41cce2f,error_423,,,"tall green swamp reeds and cattail plants on fully transparent background, pixel art, top-down view",,"different reed arrangement with hanging moss on transparent background, pixel art, top-down view",,,2026-05-27T02:47:17.498583+00:00
b426645c-e761-47bf-a091-aecf7ad56f5c,error_423,,,"green algae film and dark submerged root networks on fully transparent background, pixel art, top-down view",,"different algae pattern with more root visibility on transparent background, pixel art, top-down view",,,2026-05-27T02:47:14.960129+00:00
56b40ca0-e81c-4632-9680-8d1abbeb0706,error_423,,,"low dark green evergreen shrubs and red winterberry clusters on fully transparent background, pixel art, top-down view",,"different evergreen shrub pattern with holly berries on transparent background, pixel art, top-down view",,,2026-05-27T02:42:06.460467+00:00
0c67b6e2-5d40-4d79-9d2c-a6f8b66a99b3,error_423,,,"white sea foam and spray particles on fully transparent background, scattered, pixel art, top-down view",,"different foam pattern with light reflection spots on transparent background, sparse, pixel art, top-down view",,,2026-05-27T02:41:47.912213+00:00
f8e75344-c51c-4512-8178-89f1f4c32a71,error_423,,,"rising orange ember particles and grey volcanic ash on fully transparent background, pixel art, top-down view",,"different ember pattern with more ash particles on transparent background, sparse, pixel art, top-down view",,,2026-05-27T02:41:40.050484+00:00
fef03c13-9e64-4e20-9f0f-a40f1eb6de71,error_423,,,"scattered black obsidian shards and grey pumice stones on fully transparent background, pixel art, top-down view",,"different obsidian fragment arrangement with volcanic ash clumps on transparent background, pixel art, top-down view",,,2026-05-27T02:41:38.307387+00:00
a7f9ac54-71df-4f30-af58-cc3f7ada7193,error_423,,,"small heat-resistant dark plants and glowing ember flowers on fully transparent background, pixel art, top-down view",,"different heat-resistant scrub with more ember bloom on transparent background, pixel art, top-down view",,,2026-05-27T02:41:36.400321+00:00
a06026ac-3434-4b0e-a8be-118e7c70d432,error_423,,,"glowing orange-red lava fissures and yellow sulfur crystal deposits on fully transparent background, pixel art, top-down view",,"different lava crack pattern with more sulfur deposits on transparent background, pixel art, top-down view",,,2026-05-27T02:41:34.555276+00:00
25cf6cf6-9fd9-4992-aafd-0135897c92fa,error_423,,,"thin mountain mist wisps and wind-blown particles on fully transparent background, pixel art, top-down view",,"different mist pattern with less density on transparent background, sparse, pixel art, top-down view",,,2026-05-27T02:41:32.622551+00:00
5cbdd836-d0e4-4cd5-b3b8-3d09ceda38bc,error_423,,,"scattered loose rock scree and fallen stone fragments on fully transparent background, pixel art, top-down view",,"different scree arrangement with larger fallen rocks on transparent background, pixel art, top-down view",,,2026-05-27T02:41:30.805607+00:00
8d600c66-0238-48cc-8cbc-80f2976c67b2,error_423,,,"small hardy mountain plants and colorful cliff flowers in rock crevices on fully transparent background, pixel art, top-down view",,"different alpine flower arrangement with grey-green lichen on transparent background, pixel art, top-down view",,,2026-05-27T02:41:28.865165+00:00
1fc4b7d6-4475-4900-b4ae-065f861ebd58,error_423,,,"deep rock cracks with mineral veins and water seepage marks on fully transparent background, pixel art, top-down view",,"different crack pattern with copper and quartz mineral veins on transparent background, pixel art, top-down view",,,2026-05-27T02:41:26.961727+00:00
6c889bf6-cef9-4493-a95f-2d715ab8c302,error_423,,,"blowing sand dust particles and heat distortion on fully transparent background, sparse, pixel art, top-down view",,"different sand particle pattern with less density on transparent background, very sparse, pixel art, top-down view",,,2026-05-27T02:41:25.075561+00:00
858c7340-4ccb-4ba3-bcda-54e9ed0c4f6c,error_423,,,"scattered small desert rocks and sun-bleached bone fragments on fully transparent background, pixel art, top-down view",,"different rock arrangement with dry twig pieces on transparent background, pixel art, top-down view",,,2026-05-27T02:41:23.173538+00:00
d4209329-0c1b-4256-ab63-1646595f6ee7,error_423,,,"cracked dry earth patches and exposed dark rock on fully transparent background, pixel art, top-down view",,"different crack pattern with more exposed sandstone on transparent background, pixel art, top-down view",,,2026-05-27T02:41:21.708845+00:00
13600c2c-d451-46c1-973b-5192a48e54fd,error_423,,,"dappled golden light spots and floating dust particles on transparent background, pixel art, top-down view",,"different light spot pattern with fewer particles on transparent background, pixel art, top-down view",,,2026-05-27T02:41:14.234687+00:00
d0051a6f-ced4-4405-a86f-92145bcdf4de,error_423,,,"scattered fallen acorns, small twigs, and pinecones on fully transparent background, pixel art, top-down view",,"different arrangement of fallen leaves and bark pieces on transparent background, pixel art, top-down view",,,2026-05-27T02:41:12.818989+00:00
9ba86f7e-4ad4-48a9-812f-8cdd74d6bcac,error_423,,,"small green ferns and forest undergrowth plants on fully transparent background, pixel art, top-down view",,"different fern arrangement with tiny saplings on transparent background, pixel art, top-down view",,,2026-05-27T02:41:10.976136+00:00
8ab9b9ce-bc8e-4a77-b668-4cd1caeb038a,error_423,,,"tree root networks and green moss patches on fully transparent background, pixel art, top-down view",,"different root pattern with small mushroom clusters on transparent background, pixel art, top-down view",,,2026-05-27T02:41:09.332294+00:00
640544c6-e4a9-4ff5-a0c5-93e09169d821,error_423,,,"floating pollen particles and dandelion seeds on fully transparent background, sparse, pixel art, top-down view",,"different pollen particle pattern on fully transparent background, very sparse, pixel art, top-down view",,,2026-05-27T02:41:02.566714+00:00
3bd7e8eb-e5c8-4ccf-9812-d41a8bd95b04,error_423,,,"scattered small pebbles and fallen flower petals on fully transparent background, pixel art, top-down view",,"different pebble arrangement with small twigs on fully transparent background, pixel art, top-down view",,,2026-05-27T02:41:00.927410+00:00
af134523-bc05-42bf-8587-5d6e5364fdfe,error_423,,,"tall green grass blades with small wildflowers on fully transparent background, pixel art, top-down view",,"different tall grass blade pattern with clovers on fully transparent background, pixel art, top-down view",,,2026-05-27T02:40:59.078242+00:00
0feb307e-33e0-4790-bd4f-735e74f999b7,error_423,,,"small bare dirt patches and thin root lines on fully transparent background, pixel art, top-down view",,"slightly different bare dirt patches and root pattern on fully transparent background, pixel art, top-down view",,,2026-05-27T02:40:57.051312+00:00
1f82cfe7-c658-473b-b4e3-03f3b4ea78da,error_423,,,flowing river water with visible directional current lines and small white rapids,,flowing river water with different current pattern and submerged rock shadows,,,2026-05-27T02:30:10.991083+00:00
a401b289-5495-4880-a7a0-1762280a808d,error_423,,,clear calm lake water with subtle blue-green depth coloring and gentle ripples,,clear calm lake water with slightly different ripple pattern and light reflection spots,,,2026-05-27T02:30:09.858193+00:00
254a7ef3-59f9-49b8-aba9-a47411ce9b63,error_423,,,very dark forest floor with thick decomposing leaf carpet and rich humus soil,,very dark forest floor with heavy green moss coverage and bracket fungus,,,2026-05-27T02:30:01.811089+00:00
3cd6dee0-4a98-4b72-abbc-1dccbc97bfdb,error_423,,,rich dark tropical soil with large colorful fallen leaves and vine remnants,,rich dark tropical soil with different leaf pattern and small puddle reflections,,,2026-05-27T02:30:00.188481+00:00
445aba55-60dc-4539-9f10-9888719700b5,error_423,,,"short windswept grass on grey-brown rocky soil, sparse vegetation, exposed stone",,short windswept grass with different wind pattern and more exposed grey bedrock,,,2026-05-27T02:29:58.233345+00:00
1f330b67-e60f-40bb-a781-154b2108ca31,error_423,,,dry golden savanna grass on reddish-brown African earth with natural variation,,dry golden savanna grass with slightly different pattern and exposed red clay patches,,,2026-05-27T02:29:56.150267+00:00
4fc59d6e-bb50-4cb6-b9c1-528a5635b65a,error_423,,,dark boreal forest floor covered in brown pine needles with small snow patches,,dark boreal forest floor with different pine needle pattern and small frozen puddle,,,2026-05-27T02:29:48.763456+00:00
2ae47592-930b-4f98-ac13-cea4a2c2b7df,error_423,,,white-blue glacial ice surface with deep pressure cracks and blue crystal shadows,,white-blue glacial ice with different crack pattern and frozen bubble formations,,,2026-05-27T02:29:47.200534+00:00
13c04106-50fe-4d15-963c-4ccc1427004f,error_423,,,golden sandy beach with fine grain texture and scattered tiny shell fragments,,golden sandy beach with slightly different sand grain pattern and wave-washed smooth areas,,,2026-05-27T02:29:45.519287+00:00
3361f1e6-d15b-4eea-8203-dde9ec21c754,error_423,,,"Murky dark swamp with muddy water, lily pads, and wet ground",,"Dark forest floor with rich brown dirt, moss, and fallen leaves",,,2026-05-25T20:49:02.614878+00:00
55dab894-4272-4317-9173-040f9550e7c5,error_423,,,Golden sand desert with fine grain texture and subtle dune patterns,,Gray rocky mountain terrain with stone slabs and gravel,,,2026-05-25T20:49:00.797122+00:00
3a644a3c-dc66-4ba4-8489-3b1adfa5f7a7,error_423,,,"Dark forest floor with brown dirt, fallen leaves, and moss patches",,"Rocky mountain terrain with gray stone, gravel, and small boulders",,,2026-05-25T20:49:00.543230+00:00
3d693567-fee0-4343-aa4e-fca6341bb40c,error_423,,,Green grassland with lush short grass and small clovers,,Snowy tundra with white snow cover on frozen ground,,,2026-05-25T20:49:00.295265+00:00
8134007e-e1b7-4dce-97a3-b974f4f870f1,error_423,,,Lush green grassland with short grass blades and small wildflowers,,Dry sandy desert with golden sand and scattered pebbles,,,2026-05-25T20:48:14.846986+00:00
54bdee29-0665-420c-aeb6-fa508b798275,error_423,,,"Sandy desert terrain with wind-ripple wave patterns, scattered small pebbles, occasional dead grass tufts, sun-bleached appearance. Warm gold, tan, and sandy ochre palette with subtle shadow variation. CrossCode quality top-down RPG desert.",,"Sandy desert terrain with wind-ripple wave patterns, scattered small pebbles, occasional dead grass tufts, sun-bleached appearance. Warm gold, tan, and sandy ochre palette with subtle shadow variation. CrossCode quality top-down RPG desert.",,,2026-05-25T20:35:55.372330+00:00
0454f218-0f02-4bbc-b7b1-dea9700ae931,error_423,,,"Dark forest floor with fallen leaves in brown and orange, thick moss patches, exposed tree roots, scattered mushroom clusters. Rich dark browns and deep emerald greens. Dense canopy shadow feel. CrossCode Autumn Rise zone quality.",,"Dark forest floor with fallen leaves in brown and orange, thick moss patches, exposed tree roots, scattered mushroom clusters. Rich dark browns and deep emerald greens. Dense canopy shadow feel. CrossCode Autumn Rise zone quality.",,,2026-05-25T20:35:46.446092+00:00
4f4c0026-c6f2-42f2-9541-b59bfe079388,error_423,,,"Lush green grass with individual blade detail, subtle warm-to-cool color variation, scattered tiny wildflowers, small dirt patches peeking through. Rich emerald and olive greens with golden highlights, NOT flat bright green. CrossCode quality top-down RPG grass.",,"Lush green grass with individual blade detail, subtle warm-to-cool color variation, scattered tiny wildflowers, small dirt patches peeking through. Rich emerald and olive greens with golden highlights, NOT flat bright green. CrossCode quality top-down RPG grass.",,,2026-05-25T20:35:44.512235+00:00
b339478e-f053-422e-aa13-e7fe5c4dd825,error_423,,,deep blue ocean water with gentle waves,,lush green grassland with short grass,,,2026-05-25T17:45:31.847335+00:00
28461bd8-7a20-48f4-ba46-b6dd02985044,error_423,,,calm blue lake water,,dry golden desert sand,,,2026-05-25T16:02:38.526485+00:00
390c21bc-11d2-4c65-ace7-476f9176af35,error_423,,,calm blue lake water,,lush green grass field,,,2026-05-25T16:02:24.226132+00:00
5e1bbce9-1989-48df-a7de-d99918d93206,error_423,,,green grass field,,brown dirt path,,,2026-05-25T15:25:14.831802+00:00
ca298435-8823-40b7-9646-619b0719050e,error_423,,,dark murky swamp water,,lush green grass field,,,2026-05-25T15:07:47.199175+00:00
22ac5d04-2711-4453-b7e0-ccce92da1862,error_423,,,grey mountain rock surface,,white snow covered ground,,,2026-05-25T15:07:32.437427+00:00
4640e741-d947-4e26-8c9d-f22c96930518,error_423,,,lush green grass field,,dry golden desert sand,,,2026-05-25T15:07:25.012299+00:00
bbf53f44-f878-4fe5-b87c-a11090e60283,error_423,,,lush green grass field,,grey mountain rock surface,,,2026-05-25T15:07:23.128793+00:00
bbef15c1-c77a-4348-96d4-fadaa3b5fd03,error_423,,,lush green grass field,,dark forest floor with moss and roots,,,2026-05-25T15:07:21.418021+00:00
d518db08-b8ef-4173-a330-c803af7293eb,error_423,,,golden sandy beach,,lush green grass field,,,2026-05-25T15:07:14.878171+00:00
934fb234-a8f1-4bae-8ac7-b18dce7a3b00,error_423,,,deep blue ocean water,,golden sandy beach,,,2026-05-25T15:07:06.561844+00:00
c66c5821-5f0f-4c46-b0ca-b9ad2aeb9233,error_423,,,dark murky swamp water with lily pads and algae,,dark murky swamp water with reeds and floating debris,,,2026-05-24T23:43:27.736149+00:00
7ad82261-825c-4be1-8f4d-f2d0cfa41096,error_423,,,white snow with footprints and subtle blue shadows,,white snow with ice crystals and different shadow pattern,,,2026-05-24T23:43:26.175250+00:00
e9dee808-0078-45a3-b91b-a4c9fc9091ee,error_423,,,grey mountain rock with cracks and lichen patches,,grey mountain rock with slightly different crack pattern,,,2026-05-24T23:43:24.668089+00:00
9501a5de-7d36-4788-860d-2edd0320083a,error_423,,,calm blue ocean water with gentle waves and light reflections,,calm blue ocean water with slightly different wave pattern,,,2026-05-24T23:43:11.034199+00:00
ad90a767-17b1-42d3-96ac-add8867b3ab5,error_423,,,dry sandy desert with golden sand dunes and wind ripples,,dry sandy desert with slightly darker sand and small pebbles,,,2026-05-24T23:43:09.384591+00:00
70815aff-9183-4142-bf65-b71b9f958288,error_423,,,"dark forest floor with moss, fallen leaves, and dark soil",,dark forest floor with slightly different leaf pattern and mushrooms,,,2026-05-24T23:43:07.484199+00:00
ac280f19-cbc8-487c-9557-dbf840207134,error_423,,,lush green grass with small blades and natural texture,,lush green grass with slightly different shade and clover patches,,,2026-05-24T23:43:05.942490+00:00
ffd17ea6-9cca-424f-b5d4-7629194108af,error_423,,,warm wooden floor planks with natural grain and knots,,grey stone brick floor with mortar lines,,,2026-05-24T22:47:34.525825+00:00
6e5e4466-f8b4-41ed-9b91-6dc0238767eb,error_423,,,dark dungeon stone floor with carved patterns and cracks,,dungeon stone wall base with torch shadows and moss,,,2026-05-24T22:47:32.416901+00:00
6e33396d-1f22-4034-a672-2ee534338fad,error_423,,,grey mountain stone with moss patches and mineral veins,,white snow-capped mountain peak with ice crystals,,,2026-05-24T22:47:30.671366+00:00
e6a681c8-3881-47e9-aba3-8e3ea0b1e5d9,error_423,,,smooth golden desert sand with wind ripples and small dunes,,cracked dry red clay desert with scattered dead brush,,,2026-05-24T22:47:28.282475+00:00
54dc133e-6c8d-491b-a543-60853b5f353c,error_423,,,purple glowing crystal cave floor with shimmering minerals,,dark cave stone with stalactite shadows,,,2026-05-24T22:47:09.085498+00:00
aad34ffe-5303-4d24-8fa3-05411d05767c,error_423,,,grey cobblestone road with worn stones and gaps,,lush green grass with dandelions growing through cracks,,,2026-05-24T22:47:07.175851+00:00
e41cf7e8-63a1-47b2-87fd-e9d41c460902,error_423,,,murky green swamp water with algae and debris,,wet dark mud with patches of swamp grass,,,2026-05-24T22:47:05.146440+00:00
81944792-c6db-4ba9-a526-ceb901463c59,error_423,,,dark grey volcanic rock with glowing orange lava cracks,,bright flowing orange-red lava with heat distortion,,,2026-05-24T22:46:55.177861+00:00
5a6a0efb-683c-4795-957b-b8be95199e92,error_423,,,white snow covering the ground with footprint-like impressions,,frozen blue-white ice sheet with cracks and frost patterns,,,2026-05-24T22:46:53.310659+00:00
3334b072-4667-44c1-a455-98174265c72e,error_423,,,golden wheat field with swaying stalks,,rich brown tilled farmland with planted rows,,,2026-05-24T22:46:51.236486+00:00
bef87c74-f767-40f3-b00f-bf7067d48712,error_423,,,lush green grass with small clovers and wildflowers,,dense dark forest floor with fallen leaves and twigs,,,2026-05-24T22:46:49.361766+00:00
df96a6c9-0541-4b1d-acb3-4aea03156843,error_423,,,deep blue ocean water with gentle waves and dark depths,,shallow turquoise water with visible sandy bottom,,,2026-05-24T22:46:47.228548+00:00
3f7e9b46-b1cc-42df-8e04-c440c2a9f260,error_423,,,"dark forest floor with fallen leaves, twigs and moss",,dense tree canopy shadows with mushrooms and ferns,,,2026-05-24T15:53:06.520813+00:00
48ef1b36-d7a1-46fe-a4d3-6e2f655aa789,error_423,,,golden sand dunes with wind ripples,,dry cracked earth with scattered small rocks,,,2026-05-24T15:53:04.946143+00:00
2349c2cd-6702-4114-9899-daed2205620c,error_423,,,lush green grass with small wildflowers,,grey stone and rocky terrain with moss patches,,,2026-05-24T15:52:55.572853+00:00
033dadd6-3c0c-482d-9bb5-6f00d2246a10,error_423,,,shallow blue ocean water with gentle waves and foam,,sandy beach with shells and wet sand,,,2026-05-24T15:52:53.307696+00:00
1f036380-14ed-4741-9c73-f982f867e842,error_423,,,dirt and soil ground with small rocks and pebbles,,lush green grass with small wildflowers and clovers,,,2026-05-24T15:52:45.698263+00:00
734a512d-598b-42c8-aeb6-05dc5f0bd032,error_423,,,rocky dirt with small stones,,large rocky terrain with boulders,,,2025-08-28T12:45:38.392024+00:00
b65e179a-632d-4700-93cd-0c0d4f78a2af,error_423,,,dark rich soil dirt,,rocky dirt with small stones,,,2025-08-28T12:45:36.851538+00:00
98bd9365-4421-4de8-a451-f3a4a2cc795d,error_423,,,crystal clear mountain spring water with visible smooth stones and fish swimming,,"sandy beach with scattered shells, driftwood pieces, and small crabs",,,2025-08-26T03:36:08.137800+00:00
8799930c-68aa-41c4-985f-633061003ee3,error_423,,,"rich brown soil with scattered pebbles, fallen leaves, and earthworms",,"lush vibrant green grass with wildflowers, dandelions, and morning dew drops",,,2025-08-26T03:35:01.095298+00:00
